word,frequency
rt,69506.0
corona,52377.0
"",39691.0
to,35903.0
the,35249.0
this,30999.0
and,26026.0
is,25324.0
we,23448.0
a,22430.0
that,22415.0
of,19746.0
i,18518.0
in,16582.0
virus,16431.0
have,15377.0
it,13313.0
you,12492.0
with,10212.0
day,9819.0
for,9173.0
are,8260.0
shit,8134.0
out,8008.0
millennials,7701.0
on,7675.0
our,7554.0
were,6873.0
from,6816.0
when,6804.0
he,6513.0
because,6430.0
my,6411.0
other,6306.0
just,6294.0
going,6118.0
not,5909.0
5:,5892.0
farming,5891.0
rediscovered,5882.0
@makedamorrison:,5881.0
like,5878.0
again,5550.0
me,5547.0
chinese,5511.0
tell,5423.0
kids,5357.0
up,5171.0
each,5148.0
everyone,5061.0
passes,5053.0
survived,5042.0
promise,5030.0
zombie,5029.0
apoc,5005.0
@_dillionnn:,5005.0
be,4856.0
crossed,4804.0
want,4799.0
get,4651.0
@realdonaldtrump,4471.0
notes,4366.0
so,4318.0
love,4302.0
at,4281.0
can,4137.0
calling,4108.0
name,4104.0
was,4089.0
under,4043.0
if,3972.0
everybody,3957.0
generation,3951.0
folks,3909.0
z,3906.0
all,3864.0
people,3862.0
stop,3843.0
your,3835.0
40,3818.0
president,3787.0
@candicebenbow:,3787.0
replaced,3725.0
close,3720.0
as,3708.0
where,3661.0
its,3408.0
coronavirus,3213.0
but,3188.0
what,3187.0
could,3150.0
seen,3130.0
his,3098.0
sick,3072.0
please,2957.0
@jabinbotsford:,2926.0
will,2862.0
fat,2788.0
sunday,2777.0
has,2754.0
im,2746.0
every,2732.0
they,2706.0
why,2662.0
off,2653.0
about,2606.0
feels,2595.0
piss,2585.0
mans,2566.0
3:,2556.0
@biancaixvi:,2555.0
@biondiewasabi:,2550.0
person,2548.0
video,2517.0
how,2454.0
hate,2413.0
racist,2372.0
no,2358.0
looks,2165.0
or,2158.0
nasty,2150.0
2,2149.0
now,2136.0
shows,2112.0
pandemic,2083.0
there,2075.0
holy,2027.0
fucking,2021.0
trump,2007.0
@goodbeanaltalt:,1979.0
@nicolebyer:,1977.0
by,1961.0
weeks,1927.0
us,1924.0
home,1904.0
time,1871.0
an,1757.0
white,1753.0
who,1744.0
stay,1725.0
one,1685.0
big,1662.0
than,1650.0
more,1641.0
bitch,1613.0
do,1584.0
global,1566.0
took,1523.0
their,1521.0
fuck,1480.0
-,1470.0
these,1445.0
go,1433.0
trump's,1416.0
new,1400.0
then,1396.0
got,1389.0
schedule,1387.0
dont,1385.0
over,1378.0
strain,1378.0
smelling,1374.0
motherfuckin,1369.0
@toriarenee_:,1366.0
tri,1366.0
@stout97_:,1353.0
hamstring,1353.0
been,1340.0
help,1325.0
let,1304.0
know,1299.0
first,1266.0
today,1246.0
briefing,1218.0
china,1218.0
even,1216.0
god,1206.0
still,1172.0
it's,1167.0
make,1152.0
i'm,1152.0
them,1146.0
flu,1131.0
photo,1116.0
things,1106.0
coming,1100.0
tired,1093.0
trying,1067.0
asshole,1060.0
down,1060.0
work,1060.0
some,1057.0
racism,1055.0
said,1053.0
had,1046.0
any,1045.0
those,1042.0
really,1033.0
here,1031.0
went,1027.0
@mabin2_:,1025.0
using,1021.0
take,1020.0
incompetent,1017.0
good,1014.0
ppl,1012.0
@pattonoswalt:,990.0
world,983.0
into,981.0
cases,969.0
else,967.0
should,941.0
don't,940.0
they're,940.0
think,930.0
end,930.0
gonna,927.0
say,912.0
see,908.0
sharing,901.0
need,899.0
only,897.0
would,892.0
telling,888.0
early,884.0
jan,862.0
right,850.0
being,847.0
him,846.0
great,841.0
@mlkcheflean:,840.0
against,840.0
co/ofbdqe58rj,838.0
/,837.0
term,817.0
family,814.0
spring,813.0
am,805.0
before,805.0
barista,804.0
@zairfulradzuan:,801.0
bare,800.0
after,799.0
bigger,798.0
among,796.0
thing,796.0
special,791.0
december,788.0
many,786.0
heres,777.0
round,769.0
throwing,764.0
too,759.0
during,758.0
someone,757.0
intentional,757.0
covid19,755.0
@ioproducer:,754.0
internally,750.0
@jbarro:,750.0
back,746.0
(includ,742.0
news,739.0
quarantine,732.0
scene,730.0
u,727.0
deleted,724.0
yall,720.0
try,718.0
wanna,715.0
@chandlerriggs:,713.0
co/qgusfyjpk5,713.0
twds,713.0
most,687.0
friends,676.0
"virus",675.0
cant,668.0
doing,665.0
hes,664.0
since,662.0
her,657.0
getting,641.0
wrote,633.0
miss,627.0
summer,621.0
man,616.0
look,615.0
country,615.0
dear,613.0
life,611.0
lol,597.0
affected,592.0
1,591.0
case,588.0
fighting,580.0
away,578.0
well,577.0
enjoy,575.0
fight,573.0
breakers,573.0
due,568.0
very,566.0
last,564.0
health,564.0
must,561.0
share,557.0
sharpie,557.0
house,556.0
fucks,546.0
already,542.0
real,542.0
quickly,541.0
she,540.0
carry,538.0
h,535.0
come,528.0
find,527.0
did,525.0
way,523.0
t,521.0
re,517.0
can't,516.0
fest,513.0
@mitchellreports:,512.0
word,511.0
also,510.0
physical,510.0
days,509.0
@chloelhaley:,509.0
same,508.0
around,504.0
government,503.0
causing,500.0
shipping,500.0
money,498.0
crisis,497.0
distract,494.0
copies,492.0
delays,490.0
called,489.0
anyone,489.0
much,488.0
keep,487.0
"animalcrossing",484.0
@projared:,484.0
safe,482.0
queen,480.0
show,479.0
press,474.0
spread,472.0
india,470.0
thought,469.0
incompetence,465.0
tested,461.0
once,458.0
moving,458.0
war,458.0
co/7ptqsfd18e,456.0
@fuckiettuce:,456.0
live,455.0
whole,454.0
two,452.0
positive,450.0
reminder,448.0
cure,448.0
year,444.0
never,442.0
partying:,442.0
black,440.0
making,440.0
ever,440.0
@cbsnews:,438.0
might,438.0
guys,436.0
call,435.0
hand,430.0
italy,429.0
timely,428.0
test,425.0
wealth,424.0
written,423.0
bad,423.0
force,422.0
media,419.0
bait,418.0
put,418.0
royal,418.0
everything,418.0
deflection,416.0
covid-19,416.0
castle,414.0
obscene,414.0
@xhakaed:,413.0
which,413.0
windsor,413.0
best,412.0
photographer,411.0
situation,411.0
ass,409.0
die,407.0
while,407.0
point,406.0
noticed,405.0
legend:,403.0
omg,402.0
song,401.0
hope,399.0
saying,397.0
guy,396.0
listen,396.0
co/ttrscyz6js,396.0
testing,395.0
remember,395.0
asked,393.0
does,393.0
papers,388.0
via,385.0
may,383.0
trip,383.0
today's,382.0
blame,382.0
sorry,380.0
support,378.0
actually,376.0
3,375.0
believe,372.0
something,372.0
social,372.0
watch,371.0
school,365.0
without,363.0
through,362.0
having,362.0
leader,361.0
cause,361.0
closed,358.0
feel,356.0
made,356.0
absolute,355.0
@jabinbotsford,355.0
touch,354.0
picture,352.0
response,351.0
lets,345.0
long,345.0
soon,345.0
pm,341.0
use,340.0
food,340.0
serious,339.0
kill,337.0
years,336.0
better,336.0
wapo,335.0
literally,334.0
4,334.0
epidemic,333.0
times,333.0
working,331.0
march,328.0
@davidjollyfl:,328.0
@narendramodi,327.0
enough,327.0
proof,325.0
message,325.0
2020,323.0
violence,322.0
post-corona,321.0
americans,321.0
thats,317.0
talking,317.0
al,316.0
fact,316.0
says,314.0
looking,312.0
hands,312.0
shar,312.0
@amy_siskind:,311.0
together,311.0
aint,310.0
symptoms,310.0
students,310.0
city,310.0
canada,309.0
r,309.0
dogshit,307.0
@chrisdelia:,307.0
dey,307.0
sent,307.0
free,306.0
start,306.0
s,305.0
setting,305.0
public,303.0
govt,302.0
political,302.0
psa,301.0
done,301.0
post,301.0
emergency,300.0
care,300.0
follow,299.0
doctor,298.0
always,298.0
wuhan,296.0
domestic,296.0
et,295.0
own,295.0
tactic,295.0
body,295.0
jojos,294.0
week,294.0
raci,293.0
@mrjoncryer:,292.0
co/swpumqmjjj,291.0
@brettsvergara:,291.0
ringtone,291.0
read,290.0
outbreak,290.0
@mollyjongfast:,288.0
patients,287.0
needs,285.0
excuse,284.0
talk,282.0
next,282.0
until,282.0
save,281.0
came,281.0
used,280.0
ive,279.0
ur,279.0
ex,278.0
idea,278.0
ok,278.0
nothing,278.0
longer,278.0
self,275.0
beer,274.0
worth,274.0
catch,273.0
5,273.0
isnt,272.0
confirmed,271.0
heard,271.0
old,270.0
tryna,270.0
@hey_ciara:,269.0
team,269.0
risk,269.0
co/5w0uk2qvxd,269.0
dc,268.0
task,268.0
wow,267.0
taking,267.0
give,265.0
imagine,265.0
20,263.0
youre,262.0
lagos,262.0
thank,261.0
important,261.0
"2020:",259.0
thinking,257.0
break,257.0
wrong,257.0
sanitizer,256.0
death,250.0
avoid,250.0
killing,250.0
probably,250.0
workers,250.0
human,249.0
covid,249.0
online,249.0
stupid,247.0
damn,247.0
lot,246.0
sure,246.0
yourself,245.0
cop,245.0
hold,244.0
seems,244.0
isolation,244.0
baby,242.0
withou,241.0
@timothynoah1:,241.0
didnt,240.0
yesterday,240.0
coronavirusupdate,239.0
hard,238.0
general,236.0
infected,236.0
funny,236.0
iran,235.0
check,235.0
watching,235.0
wants,234.0
supposed,234.0
american,234.0
broke,233.0
nation,232.0
o,232.0
wash,232.0
defend,232.0
state,231.0
chloroquine,231.0
shot,231.0
hospital,231.0
book,230.0
maybe,230.0
reminds,230.0
dies,230.0
wont,229.0
myself,229.0
pls,228.0
part,227.0
such,227.0
bro,227.0
wasnt,225.0
gone,224.0
seriously,224.0
twitter,223.0
definitely,223.0
toilet,222.0
reasoning,222.0
far,222.0
cancelled,221.0
he's,220.0
@redtraccoon:,220.0
leave,220.0
okay,220.0
modi,219.0
@daniela_florezz:,219.0
l,219.0
wait,218.0
giving,217.0
close-up,216.0
thanks,216.0
medical,216.0
countries,215.0
culture,214.0
12,214.0
misinformation,214.0
won't,214.0
gets,213.0
focused,213.0
b,213.0
yet,212.0
another,212.0
open,212.0
hear,211.0
doctors,211.0
theres,211.0
curfew,211.0
finally,210.0
face,209.0
class,208.0
@catturd2:,208.0
yes,208.0
co/aszij,208.0
job,207.0
mere,207.0
short,206.0
business,205.0
th,205.0
distancing,205.0
few,205.0
error,205.0
@teapainusa:,204.0
ill,203.0
bc,203.0
singing,203.0
staff,202.0
plannednot,202.0
@sethabramson:,202.0
doesnt,202.0
young,201.0
left,201.0
let's,201.0
n,201.0
co/xreh1klvt8,200.0
waiting,199.0
oh,199.0
little,199.0
dr,199.0
worse,199.0
words,198.0
pakistan,198.0
inside,198.0
told,196.0
stats,194.0
dumb,194.0
@briankarem:,194.0
pres,193.0
covid_19,192.0
deaths,192.0
send,192.0
corn,192.0
accuracy,192.0
somewhere,191.0
immune,191.0
w,190.0
vir,190.0
beat,190.0
medicine,190.0
lost,189.0
that's,189.0
lockdown,188.0
place,187.0
incorrectness,187.0
months,187.0
@corona,187.0
@dineshdsouza:,187.0
endearing,187.0
anything,187.0
qualities,187.0
tweet,186.0
started,186.0
co,185.0
notice,185.0
dying,185.0
miami,185.0
speech,185.0
c,185.0
saw,184.0
number,182.0
'corona',182.0
i've,182.0
outside,182.0
hit,181.0
member,181.0
places,181.0
hi,179.0
planned,179.0
makes,179.0
tests,179.0
instead,179.0
nigeria,178.0
ago,177.0
@denzelhd:,177.0
studio,177.0
address,176.0
d,176.0
panic,176.0
sha,175.0
ready,175.0
spoke,175.0
sincerely,175.0
least,175.0
g,175.0
party,174.0
ways,173.0
"corona",173.0
aged,173.0
both,173.0
single,172.0
full,172.0
lives,172.0
small,172.0
grow,171.0
dead,171.0
turn,171.0
7,171.0
roll,170.0
taken,170.0
sean,170.0
@abc:,169.0
possible,169.0
dangerous,169.0
night,169.0
different,169.0
thread,169.0
means,169.0
brought,168.0
pay,167.0
treat,166.0
truth,165.0
54,165.0
hospitalized,165.0
almost,165.0
america,164.0
mean,164.0
yeah,164.0
putting,164.0
selfish,164.0
ramona,163.0
piece,163.0
mom,163.0
forget,163.0
doesn't,162.0
either,162.0
selling,162.0
@damii_aros:,162.0
month,162.0
mayorkun,162.0
there's,162.0
volunteers,161.0
hours,160.0
running,160.0
10,160.0
bill,160.0
stuff,160.0
evidence,159.0
ask,159.0
payton,159.0
fault,159.0
wish,158.0
plan,158.0
edited,158.0
internet,158.0
shut,158.0
april,158.0
id,157.0
you're,157.0
ebola,157.0
@nygovcuomo:,156.0
38%,156.0
milk,156.0
spreading,156.0
wanted,156.0
corona-virus,156.0
survey,155.0
goes,155.0
decided,155.0
solace,154.0
@briantylercohen:,154.0
realize,154.0
showing,154.0
system,154.0
reason,154.0
researchers,153.0
@tomfitton:,153.0
staying,153.0
niggas,153.0
writing,152.0
morning,152.0
languages,152.0
staysafestayhome,152.0
obligatory,151.0
compliments,151.0
fear,151.0
change,150.0
florida,150.0
between,149.0
bring,149.0
chin,149.0
x,149.0
difficult,149.0
pledge,148.0
died,148.0
(1300,147.0
words),147.0
rt:,147.0
translate,147.0
describe,147.0
disease,147.0
@jhaushofer:,147.0
expect,147.0
000,146.0
worried,145.0
pray,145.0
guess,145.0
happy,145.0
havent,145.0
poor,145.0
lmao,145.0
@_ashlee_4_:,145.0
parents,145.0
corona:,144.0
south,144.0
mind,144.0
janta,144.0
mentally,144.0
@rahulgandhi,144.0
buy,144.0
starting,143.0
moment,143.0
@michaelirvin88,143.0
true,143.0
symptom,143.0
@goldengateblond:,143.0
level,143.0
related,142.0
dog,142.0
@indiewashere:,142.0
&gt,142.0
partying,142.0
gen,142.0
hey,141.0
treatment,141.0
comes,140.0
playing,140.0
ridiculously,140.0
vaccine,140.0
whats,140.0
edits,139.0
inflated,139.0
crazy,139.0
threat,139.0
informed,139.0
prices:,138.0
remind,138.0
@whitehouse,138.0
fake,138.0
@,138.0
@evielawson:,138.0
washington,137.0
sky,137.0
worst,136.0
fox,136.0
30,136.0
problem,135.0
type,134.0
faster,134.0
season,134.0
protect,134.0
@michaeldapaah:,134.0
eating,134.0
co/6jhqmrcvjt,133.0
entirely,133.0
tomorrow,133.0
plies,133.0
able,133.0
19,133.0
given,132.0
weak,132.0
asian,132.0
update,132.0
heart,131.0
service,131.0
information,130.0
mask,130.0
found,130.0
lady,130.0
prove,129.0
we're,129.0
celebrities,129.0
blood,129.0
kind,129.0
continue,129.0
relief,129.0
college,129.0
kills,128.0
company,128.0
challenge,128.0
economic,128.0
"ji",128.0
businesses,128.0
mr,128.0
girl,127.0
join,127.0
hell,127.0
fine,127.0
idiots,127.0
boris,127.0
extremely,127.0
weather,127.0
understand,126.0
play,125.0
prayers,125.0
isn't,125.0
walking,125.0
@aynrandpaulryan:,125.0
fire,124.0
nazi,124.0
uk,124.0
others,123.0
decide,123.0
nigerians,123.0
despite,123.0
bored,123.0
latest,122.0
decompensated,122.0
pick,122.0
@shehzad_ind:,121.0
whitehousebr,121.0
casualty,121.0
shoulder,120.0
safety,120.0
honestly,120.0
population,120.0
na,120.0
cough,119.0
elizabeth,119.0
bre,119.0
deal,119.0
dynasty,118.0
link,118.0
relations,118.0
yo,118.0
e,117.0
france,117.0
effective,117.0
daily,117.0
ones,117.0
criminal,117.0
@petersweden7:,117.0
here's,116.0
videos,116.0
till,116.0
entire,116.0
nobody,116.0
revolted,116.0
jesus,116.0
scared,115.0
indians,115.0
high,115.0
nice,115.0
analysis,115.0
february,115.0
less,114.0
friend,114.0
power,114.0
paedophile,114.0
didn't,113.0
history,113.0
law,113.0
trumps,113.0
article,113.0
100%,113.0
classic,113.0
families,113.0
breaking,112.0
asking,112.0
glad,112.0
indian,112.0
current,112.0
bernie,112.0
dirty,111.0
within,111.0
sign,111.0
national,111.0
patient,111.0
line,111.0
johnson,110.0
cdc,110.0
@tife_fabunmi:,110.0
intentionally,110.0
pub,110.0
90%,110.0
mid,110.0
firing,110.0
indias,110.0
@eriksolheim:,109.0
defeat,109.0
near,109.0
cancel,109.0
80,109.0
diane,109.0
i'll,109.0
rid,109.0
danger,109.0
though,109.0
bbc,109.0
following,109.0
negative,108.0
cold,108.0
fun,108.0
children,108.0
head,108.0
answer,108.0
speaks,108.0
happened,108.0
felt,107.0
become,107.0
second,107.0
sitting,107.0
"them:",107.0
facing,107.0
issue,107.0
@youtube,106.0
joke,106.0
especially,106.0
wearing,106.0
drink,106.0
community,106.0
mitigation,106.0
@edanyago:,106.0
@miekeeoyang:,106.0
hot,106.0
further,106.0
professi,106.0
spur,106.0
proud,106.0
6,106.0
theyre,105.0
elections,105.0
stopped,105.0
@tananarivedue:,105.0
malaria,105.0
sad,105.0
cuz,105.0
local,105.0
abbott,105.0
filming,105.0
leaders,105.0
coro,105.0
knew,105.0
ya,105.0
frontlin,104.0
pass,104.0
works,104.0
@clairecmc:,104.0
age,104.0
holby,104.0
doze,104.0
@katiephang:,104.0
gotta,103.0
tik,103.0
vile,103.0
tfw,103.0
knows,103.0
thousands,103.0
handling,103.0
everyones,103.0
ji,103.0
antibiotics,103.0
8,103.0
music,102.0
jantacurfew,102.0
intend,102.0
@maryamnsharif:,102.0
aggressive,102.0
netanyahu,102.0
amazing,102.0
@d_psycho_guru:,102.0
@realsaavedra:,102.0
locked,102.0
consider,102.0
measures,102.0
@atrupar:,102.0
plans,101.0
side,101.0
nigerian,101.0
available,101.0
tok,101.0
prevent,101.0
corrupt,101.0
@umarkamani,101.0
formal,100.0
substituted,100.0
dawg,100.0
market,100.0
allowed,100.0
|,100.0
'chinese:',100.0
absolutely,100.0
set,100.0
@no_silenced:,100.0
game,99.0
announce,99.0
dick,99.0
jobs,99.0
exactly,99.0
thinks,99.0
fever,99.0
@complex:,99.0
whether,99.0
healthy,99.0
birthday,99.0
co/eyidd6xbas,98.0
normal,98.0
seeing,98.0
paid,98.0
40%,98.0
learn,98.0
co/eixynh6xsa,98.0
tha,98.0
minister,97.0
afford,97.0
nigga,97.0
future,97.0
impeaching,97.0
economy,97.0
2020:,97.0
rest,97.0
9pm,97.0
citizens,97.0
rather,97.0
spain,97.0
million,97.0
chat,96.0
speechwriters,96.0
22nd,96.0
y'all,96.0
strengthen,96.0
appeal,96.0
losing,96.0
reported,96.0
australia,96.0
"november",96.0
cooked,95.0
total,95.0
strike,95.0
run,95.0
large,95.0
looked,95.0
kits,95.0
co/dsklcbu5nx,95.0
9,95.0
travel,95.0
question,95.0
donald,94.0
feb,94.0
numbers,94.0
humanity,94.0
student,94.0
@ageniesayswhat:,94.0
@fenwaystrat:,94.0
creative,93.0
nations,93.0
@caucasianjames:,93.0
co/0lxqtvz5ts,93.0
hospitals,93.0
research,93.0
votes,93.0
alone,93.0
@nmwdesign:,93.0
me:,92.0
rights,92.0
common,92.0
sprout,92.0
caused,92.0
soil,92.0
vigilan,92.0
pretext,92.0
drug,92.0
strong,92.0
powers,92.0
15000,92.0
washing,92.0
co/mf8pwvi1bx,92.0
handle,91.0
killed,91.0
officially,91.0
351k,91.0
centre,91.0
tips,91.0
potus,90.0
ends,90.0
wonder,90.0
recent,90.0
font,90.0
cannot,90.0
gon,90.0
five,90.0
harry,90.0
rate,89.0
@_hublette:,89.0
@jmclaughlinsais:,89.0
questions,89.0
couple,89.0
responsibility,89.0
bless,89.0
happen,89.0
achieve,89.0
worry,88.0
living,88.0
flight,88.0
result,88.0
li,88.0
pubs,88.0
happening,88.0
whatsapp,88.0
fellow,88.0
stands,88.0
higher,88.0
tf,87.0
water,87.0
move,87.0
battle,87.0
released,87.0
women,87.0
viruses,87.0
clear,87.0
anxiety,87.0
totally,87.0
freaking,86.0
+,86.0
virus:,86.0
@potus,86.0
remarks,86.0
sleep,86.0
huge,86.0
keeping,86.0
@harari_yuval:,85.0
coughing,85.0
turkish,85.0
agree,85.0
course,85.0
pretty,85.0
past,85.0
retweet,85.0
request,85.0
survive,85.0
100,85.0
"dictatorship",85.0
paper,85.0
recovery,85.0
themselves,84.0
data,84.0
chance,84.0
referred,84.0
script,83.0
anymore,83.0
texas,83.0
half,83.0
kushner,83.0
impeachment,83.0
period,83.0
experience,83.0
besides,83.0
styles,83.0
story,83.0
behavior,83.0
amazon,82.0
@baldboyblues:,82.0
club,82.0
voted,82.0
co/qgnyfejxkk,82.0
air,82.0
police,82.0
rubbish,82.0
co/ujcgptfmpc,82.0
tip,81.0
unfortunately,81.0
basketball,81.0
calls,81.0
coronavirusoutbreak,81.0
across,81.0
schools,81.0
extensive,81.0
quarantined,81.0
issues,81.0
*,81.0
f,81.0
holidays,81.0
eyes,81.0
continues,81.0
@bryanbehar:,80.0
earth,80.0
gives,80.0
fre,80.0
boys,80.0
deadly,80.0
science,80.0
mad,80.0
saudi,80.0
dude,80.0
usa,80.0
@mstewart_23:,80.0
mum,80.0
masks,80.0
add,80.0
(r-ok),80.0
however,79.0
currently,79.0
woke,79.0
sound,79.0
county,79.0
date,79.0
action,79.0
contact,79.0
p,79.0
along,79.0
fell,79.0
bills,78.0
@dillonfrancis:,78.0
m,78.0
101,78.0
group,78.0
sense,78.0
@speakerpelosi,78.0
step,78.0
apply,78.0
hoax,78.0
beautiful,78.0
elegant,78.0
garden,78.0
conferences,78.0
israel,78.0
humans,78.0
speaking,78.0
office,78.0
closing,78.0
wake,77.0
phone,77.0
don,77.0
sale,77.0
sports,77.0
triggery,77.0
size,77.0
tal,77.0
trollin,77.0
@theheadking__:,77.0
himself,77.0
responsible,77.0
v,77.0
three,77.0
bout,77.0
focus,77.0
etc,76.0
italian,76.0
skills,76.0
busy,76.0
edition,76.0
what's,76.0
coronavirus:,76.0
thei,76.0
arabia,76.0
y,76.0
remain,76.0
loan,75.0
allow,75.0
@siya_dlaminii:,75.0
stuck,75.0
control,75.0
sing,75.0
crises,75.0
labs,75.0
university,75.0
ignorant,75.0
tonight,75.0
gym,75.0
somebody,75.0
page,75.0
minimal,75.0
proved,75.0
fr,75.0
act,75.0
updates,75.0
states,74.0
eat,74.0
fall,74.0
mfs,74.0
borders,74.0
international,74.0
crosses,74.0
feeling,74.0
attention,74.0
htt,74.0
fi,74.0
aside,74.0
deflect,74.0
bit,74.0
soap,74.0
finish,74.0
united,74.0
sis,73.0
"17100",73.0
potential,73.0
"13000",73.0
co/ax5offplnb,73.0
"bordercontrols:",73.0
disgusting,73.0
addressed,73.0
ended,73.0
catastrophic,73.0
"9100",73.0
),73.0
hero,73.0
@getthebagcoach:,73.0
"35000",73.0
caught,73.0
chill,73.0
africa,73.0
sir,73.0
germay,73.0
14,73.0
bury,72.0
idiot,72.0
cos,72.0
ceo,72.0
11:33,72.0
dance,72.0
fucked,72.0
wild,72.0
@b_hq:,72.0
mess,72.0
order,72.0
restored,72.0
bars,72.0
tv,72.0
report,72.0
elderly,72.0
@vijayabaskarofl:,71.0
buying,71.0
stoking,71.0
germany,71.0
distinctive,71.0
brain,71.0
ruined,71.0
'chinese',71.0
gratitude,71.0
overcrowded,71.0
boyfriends,71.0
lead,71.0
fascist,70.0
eagle-eyed,70.0
@blessmond__:,70.0
prettylittlewishes,70.0
wa,70.0
evil,70.0
front,70.0
@philiprucker:,70.0
intended,70.0
couldnt,70.0
co/dhjm2gq2mw,70.0
blessed,70.0
tweets,70.0
boss,70.0
lock,70.0
failures,70.0
church,70.0
@amee_townsend:,70.0
owners,69.0
wtf,69.0
@realthingulli:,69.0
langua,69.0
space,69.0
text,69.0
@marleematlin:,69.0
tho,69.0
basic,69.0
names,69.0
clearly,69.0
memory,69.0
@nbcnews:,69.0
viral,69.0
movie,69.0
clinic,69.0
co/khshfvtwon,69.0
effort,69.0
infect,69.0
list,69.0
reading,69.0
touching,68.0
@crisswaddle:,68.0
7am,68.0
boy,68.0
idk,68.0
tema,68.0
presidential,68.0
jokes,68.0
express,68.0
loadshedding,68.0
beyond,68.0
jonathan,68.0
minutes,68.0
@jacobinmag:,68.0
hemmer,68.0
final,67.0
safest,67.0
50,67.0
distance,67.0
contract,67.0
note,67.0
ahead,67.0
arent,67.0
pak,67.0
"17",67.0
overcome,67.0
island,66.0
@majorpoonia:,66.0
@inthematrixxx:,66.0
everywhere,66.0
"q",66.0
exposed,66.0
healthcare,66.0
lectern,66.0
@delltech,66.0
brother,66.0
smh,66.0
lack,66.0
@michaeldell:,66.0
cut,66.0
lizzo,66.0
leadership,66.0
covid2019,66.0
@vmware,66.0
value,66.0
untill,66.0
spanish,66.0
"q1133",66.0
bullshit,65.0
kobe,65.0
of),65.0
co/x26lkrqnno,65.0
infection,65.0
tweeting,65.0
haven't,65.0
originated,65.0
john,65.0
changed,65.0
matter,65.0
200,65.0
rise,65.0
poses,65.0
janatacurfew,65.0
room,65.0
@pftcommenter:,65.0
(especially,65.0
impact,64.0
@yunggravy:,64.0
lord,64.0
known,64.0
light,64.0
army,64.0
super,64.0
https://,64.0
govt's,64.0
pistol,64.0
mother,64.0
scheme,64.0
mf,64.0
release,64.0
republicans,64.0
airport,64.0
1st,64.0
obvious,64.0
forward,64.0
cnn,64.0
(lack,64.0
cell,64.0
sanders,64.0
coronaviruschallenge,64.0
silenced,64.0
co/m,64.0
18,64.0
takes,64.0
unless,64.0
@girlsreallyrule:,64.0
race,64.0
episode,63.0
nfl,63.0
wasn't,63.0
fully,63.0
needed,63.0
ugly,63.0
postpone,63.0
bu,63.0
often,63.0
failed,63.0
1),63.0
fast,63.0
vs,63.0
completely,63.0
co/yjdbz9qj0d,63.0
gravest,63.0
actual,63.0
tolu,63.0
@carryonkeith:,62.0
ogunlesi,62.0
de,62.0
extra,62.0
(per:,62.0
initiates,62.0
republicansarekillingus,62.0
bringing,62.0
alcoholic,62.0
january,62.0
sun,62.0
diseases,62.0
@yoshtisune:,62.0
breathing,62.0
awareness,62.0
@naretevduorp:,62.0
"9/24/19",62.0
@haskologlu:,62.0
"inquiry",62.0
botched,62.0
insisted,62.0
"11/17/19",62.0
@ekwulu:,62.0
":",62.0
mes,62.0
balconies,62.0
pranam,61.0
@monaghanlab:,61.0
berliners,61.0
w/,61.0
weakest,61.0
bed,61.0
@electroboyusa:,61.0
advice,61.0
molecular,61.0
stand,61.0
beach,61.0
effect,61.0
qpcr),61.0
cancelling,61.0
unite,61.0
dealing,61.0
obviously,60.0
prepared,60.0
write,60.0
stupidity,60.0
poll,60.0
@naseehapatel:,60.0
affect,60.0
laughing,60.0
reality,60.0
@okaishawty:,60.0
rn,60.0
lose,60.0
irresponsible,60.0
son,60.0
raging,60.0
@kapilmishra_ind:,60.0
15,60.0
la,60.0
lies,60.0
experts,60.0
account,59.0
store,59.0
@derekjgz:,59.0
simple,59.0
@psychdr100:,59.0
members,59.0
@ddwiese:,59.0
neglige,59.0
catching,59.0
trash,59.0
whatever,59.0
prayer,59.0
based,59.0
dad,59.0
website,59.0
@therickwilson,59.0
jabin,59.0
area,59.0
@_rohanverma:,59.0
surprised,59.0
natural,59.0
bug,58.0
james,58.0
insta,58.0
prime,58.0
companies,58.0
throw,58.0
gave,58.0
co/mujxt6n0hp,58.0
drop,58.0
attack,58.0
babies,58.0
adress,58.0
governments,58.0
blaming,58.0
helping,58.0
meet,58.0
coach,57.0
youve,57.0
crying,57.0
massive,57.0
interview,57.0
"update:",57.0
top,57.0
beef,57.0
voice,57.0
questionnaire,57.0
provide,57.0
middle,56.0
@scenesofriends:,56.0
hopefully,56.0
co/gbf9l1attm,56.0
0,56.0
stage,56.0
street,56.0
everyday,56.0
paying,56.0
opportunity,56.0
w/o,56.0
men,56.0
allah,56.0
crown,56.0
knowing,56.0
legend,56.0
co/hweem4vrtm,56.0
"card",56.0
@zandirts:,56.0
weekend,56.0
taiwan,56.0
spend,55.0
q,55.0
london,55.0
@sofiausman7:,55.0
illegal,55.0
increasingly,55.0
image,55.0
keeps,55.0
reports,55.0
residents,55.0
meeting,55.0
meanwhile,55.0
woman,55.0
hoping,55.0
private,55.0
korea,55.0
benefit,55.0
shes,55.0
@matthew_rosko:,55.0
fuckin,55.0
ice,54.0
copy,54.0
cardi,54.0
climate,54.0
anywhere,54.0
victims,54.0
results,54.0
increase,54.0
gandhi,54.0
ho,54.0
snaps,54.0
car,54.0
society,54.0
loved,53.0
ghana,53.0
co/qoc1qhvym5,53.0
@pmoindia,53.0
girls,53.0
posting,53.0
marked,53.0
complete,53.0
chest,53.0
immediately,53.0
co/t1tkkd4w3s,53.0
@asapaimaaa:,53.0
@liilevi:,53.0
package,53.0
ar,53.0
wife,53.0
@replouiegohmert,53.0
push,53.0
cover,53.0
perfect,53.0
debate,53.0
(covid-19),53.0
binge,53.0
europe,52.0
simp,52.0
tough,52.0
3am,52.0
purse,52.0
@sunnyjinsue:,52.0
suspected,52.0
stores,52.0
louiehes,52.0
closure,52.0
lennon,52.0
contacts,52.0
vote,52.0
wear,52.0
turned,52.0
news:,52.0
hardest,52.0
price,52.0
solidarity,52.0
wondering,52.0
breaking:,51.0
co/uvcitk51ug,51.0
@epochtimes:,51.0
coronavirusoutbreakindia,51.0
acting,51.0
gloves,51.0
create,51.0
hasnt,51.0
@1djfirstclass:,51.0
drinking,51.0
canceled,51.0
industry,51.0
"one:",51.0
federal,51.0
bought,51.0
behind,51.0
education,51.0
practice,50.0
mi,50.0
sending,50.0
ce,50.0
sex,50.0
@sardesairajdeep:,50.0
chef,50.0
regarding,50.0
breath,50.0
animal,50.0
bet,50.0
low,50.0
youll,50.0
enhancement,50.0
resources,50.0
comment,50.0
nearby,50.0
shame,50.0
clearance,50.0
shutting,50.0
building,50.0
dogs,50.0
"2",50.0
neighbour,49.0
co/bwe30ghxhg,49.0
shall,49.0
dem,49.0
prevention,49.0
rent,49.0
sister,49.0
bs,49.0
intelligence,49.0
late,49.0
hatred,49.0
likely,49.0
turning,49.0
figure,49.0
dumbest,49.0
info,49.0
win,49.0
orders,49.0
@mvmeet:,49.0
biggest,49.0
main,49.0
loud,49.0
@mapmyindia,49.0
hour,49.0
explaining,49.0
credit,49.0
cm,49.0
drive,49.0
hair,49.0
except,49.0
covid19nigeria,49.0
=,49.0
professionals,49.0
track,49.0
sounds,49.0
per,49.0
co/p8iqtoz77t,49.0
planning,49.0
amid,48.0
return,48.0
whopping,48.0
journalist,48.0
washyourhands,48.0
various,48.0
walk,48.0
gop,48.0
beginning,48.0
co/ioyp00vd5q,48.0
troll,48.0
democrats,48.0
problems,48.0
scare,48.0
clean,48.0
drag,48.0
@karlousm:,48.0
german,48.0
alcohol,48.0
jail,48.0
lime,48.0
https,48.0
attempts,48.0
amount,48.0
accountable,48.0
fri,48.0
xenophobic,48.0
concrete,48.0
disappear,47.0
spri,47.0
corporate,47.0
chinas,47.0
majority,47.0
mar,47.0
coronavirusinnigeria,47.0
@jameskii:,47.0
shocked,47.0
technology,47.0
getty,47.0
certain,47.0
dipshit,47.0
@mikefarb1:,47.0
wh,47.0
facts,47.0
symptoms:,47.0
nhs,47.0
aldi,47.0
straight,47.0
bus,47.0
hearing,47.0
@rotimialabi_:,47.0
boyardee,47.0
amendment,47.0
ka,47.0
including,47.0
expected,47.0
dj,47.0
annoying,47.0
billion,47.0
visit,47.0
danny,47.0
plague,47.0
maury,47.0
"stopbhashanshowaction",47.0
kingdom,47.0
africans,46.0
north,46.0
laugh,46.0
tried,46.0
:),46.0
key,46.0
fans,46.0
madness,46.0
itself,46.0
declared,46.0
quite,46.0
flatten,46.0
kn,46.0
mental,46.0
failure,46.0
collect,46.0
nah,46.0
jim,46.0
ain't,46.0
@zaklfc7:,46.0
turns,46.0
workouts,46.0
missing,46.0
difficulty,46.0
games,46.0
income,46.0
prepare,46.0
vanessa,46.0
sen,46.0
scary,46.0
usual,46.0
cured,46.0
apart,46.0
precautions,46.0
kinda,46.0
hunger,46.0
enters,46.0
ruining,46.0
cool,46.0
markets,46.0
botsford/the,46.0
temperature,46.0
shoot,46.0
speak,46.0
offering,45.0
memes,45.0
novel,45.0
(photo:,45.0
challenging,45.0
queens,45.0
apparently,45.0
@hhypocrisy101:,45.0
regular,45.0
anyway,45.0
homes,45.0
2600+,45.0
streets,45.0
hai,45.0
promoting,45.0
plus,45.0
shouldnt,45.0
interesting,45.0
"you",45.0
league,45.0
designed,45.0
shortage,45.0
ministry,45.0
coz,45.0
scientists,45.0
youd,45.0
graduation,45.0
cope,45.0
94%,45.0
truly,45.0
bank,45.0
quick,45.0
thoughts,45.0
lots,45.0
@renoomokri:,45.0
named,45.0
stress,45.0
songs,45.0
born,45.0
@gatewaypundit,45.0
degrees,45.0
gold,44.0
condolences,44.0
kindly,44.0
official,44.0
youtube,44.0
hotels,44.0
degree,44.0
later,44.0
mark,44.0
@who,44.0
ordered,44.0
beaches,44.0
forced,44.0
promises,44.0
highly,44.0
position,44.0
bruh,44.0
center,44.0
tells,44.0
town,44.0
thick,44.0
football,44.0
conference,44.0
@anjanaomkashyap:,44.0
waste,44.0
child,44.0
punjab,44.0
lankford,43.0
isolate,43.0
@rayleengale:,43.0
president's,43.0
survival,43.0
products,43.0
developed,43.0
simply,43.0
af,43.0
exists,43.0
stayathomechallenge,43.0
attacks,43.0
marsha,43.0
@cnn,43.0
voluntarily,43.0
instagram,43.0
tiktok,43.0
strictly,43.0
possibly,43.0
mike,43.0
non,43.0
77,43.0
lowkey,43.0
afraid,43.0
weed,43.0
correctness,43.0
west,43.0
@actbrigitte:,43.0
saturday,43.0
blackburn,43.0
ate,43.0
kumasi,43.0
process,42.0
hyderabad,42.0
overtime,42.0
co/41y6u7rp,42.0
we'll,42.0
indoors,42.0
conspiracy,42.0
eu,42.0
facebook,42.0
(corona,42.0
ourselves,42.0
http,42.0
fights,42.0
famous,42.0
rapunzel,42.0
passed,42.0
alive,42.0
liverpool,42.0
graduate,42.0
appreciate,42.0
cafes,42.0
trips,42.0
experiencing,42.0
learning,42.0
revenge,42.0
@gejonathan,42.0
letting,42.0
tech,42.0
bum,42.0
distraction,42.0
happens,42.0
ride,42.0
excellent,42.0
wishing,41.0
fate,41.0
@ericfloyd:,41.0
co/i25mtf5xfk,41.0
rupauls,41.0
selection,41.0
khan,41.0
mine,41.0
st,41.0
proposal,41.0
heartfelt,41.0
co/,41.0
zero,41.0
buddy,41.0
co/3qm0t5wf6k,41.0
co/frys2jcm4p,41.0
couldn't,41.0
fda,41.0
co/ttkcj4xxa0,41.0
@facebook,41.0
drunk,41.0
mass,41.0
@natb201:,41.0
concerned,41.0
none,41.0
@axios:,41.0
frm,41.0
respect,41.0
trust,41.0
@samstein:,41.0
chinesevirus,41.0
areas,41.0
quarentinelife,41.0
coronainpakistan,41.0
ma,41.0
asuu:,41.0
coronas,41.0
race:,41.0
email,41.0
da,40.0
baiting,40.0
example,40.0
weird,40.0
suffering,40.0
favorite,40.0
students:,40.0
source,40.0
she's,40.0
confident,40.0
predicted,40.0
inhofe,40.0
spoken,40.0
claim,40.0
nurses,40.0
postponed,40.0
foment,40.0
recovered,40.0
hurt,40.0
announced,40.0
millions,40.0
changes,40.0
@baeonda:,40.0
ideas,40.0
shop,40.0
friday,40.0
rich,40.0
slow,40.0
raged,40.0
ignorance,40.0
ig,40.0
huh,40.0
shared,40.0
@b52malmet:,40.0
supporter,40.0
spikes,40.0
funds,40.0
(r-tn),40.0
hello,40.0
@huawei,40.0
form,40.0
drs,40.0
conditions,40.0
clapping,40.0
co/g0011h78fm,40.0
indiafightscorona,40.0
sucks,40.0
succumbed,40.0
sindh,40.0
events,40.0
radio,40.0
difference,40.0
choose,40.0
blamed,40.0
ambulance,40.0
york,40.0
staysafe,40.0
bloody,40.0
27,40.0
whos,39.0
mandem,39.0
nowhere,39.0
ima,39.0
approved,39.0
sars,39.0
audience,39.0
faces,39.0
supplies,39.0
choice,39.0
@chuckwoolery:,39.0
sooo,39.0
animals,39.0
condition,39.0
swear,39.0
earnest,39.0
approach,39.0
haha,39.0
teachers,39.0
@mrjones_tm:,39.0
@patpenn2:,39.0
socialdistancing,39.0
@ayobankole:,39.0
egypt,39.0
@maysssss_:,39.0
thankful,39.0
"body",39.0
leading,39.0
packing,39.0
@3days3nights:,39.0
wouldn't,39.0
ik,39.0
thermostat,39.0
sadly,39.0
quaranteens,39.0
feelings,39.0
kandi,39.0
msnbc,39.0
deep,39.0
@xsqoof:,39.0
500,39.0
stopping,39.0
russia,39.0
updated,39.0
monday,39.0
wedding,39.0
co/bqohxl5txn,39.0
corona),39.0
@pamkeithfl:,39.0
thru,39.0
raised,39.0
bunch,39.0
laid,39.0
kid,39.0
crap,39.0
horrible,39.0
bar,39.0
"beer",39.0
solution,39.0
crossing,39.0
@pinnyloketch,38.0
addition,38.0
fightcovid19,38.0
@adefolaamoo:,38.0
helpful,38.0
"corona:",38.0
weve,38.0
"march",38.0
@musanv18:,38.0
joints,38.0
aids,38.0
letter,38.0
k,38.0
60,38.0
immed,38.0
releasing,38.0
joyous,38.0
stream,38.0
red,38.0
@ghonim:,38.0
deny,38.0
telecom,38.0
disaster,38.0
chief,38.0
view,38.0
isolating,38.0
ignored,38.0
debt,38.0
kung,38.0
politics,38.0
employees,38.0
@pinnyloketch:,38.0
behead,38.0
built,38.0
thursday,38.0
crown-like,38.0
doubt,38.0
trumpvirus,38.0
pic,38.0
22,38.0
racist-in-chief,38.0
tour,38.0
pr,38.0
necessary,38.0
cor,38.0
elkharseety,38.0
american-egyptian,38.0
king,37.0
d-does,37.0
co/igpfdhtcdm,37.0
@zhantafa:,37.0
event,37.0
agreed,37.0
https:/,37.0
m-mean,37.0
@stonersuh:,37.0
calm,37.0
co/gdipokqozb,37.0
@thomaskaine5:,37.0
upon,37.0
wouldnt,37.0
created,37.0
honest,37.0
lying,37.0
appreciation,37.0
cells,37.0
exterior,37.0
immunity,37.0
127,37.0
election,37.0
empty,37.0
central,37.0
poc,37.0
desperate,37.0
se,37.0
sort,37.0
precautionary,37.0
financial,37.0
points,37.0
keys,37.0
vulnerable,37.0
co/jezoji7e0v,37.0
mate,37.0
easy,37.0
orleans,37.0
cross,37.0
13,37.0
cancer,37.0
gift,37.0
explain,37.0
n-neo,37.0
worldwide,37.0
refuse,37.0
stayathome,37.0
holding,37.0
kidding,37.0
@aaronneedshelp:,37.0
@kaypoisson1:,37.0
luck,37.0
older,36.0
effects,36.0
senators,36.0
@jenanmoussa:,36.0
oftenas,36.0
ten,36.0
hates,36.0
holds,36.0
pieces,36.0
whoever,36.0
awareness:,36.0
purposefully,36.0
thin,36.0
ban,36.0
basically,36.0
@tshi_nakanyane:,36.0
"3",36.0
lungs,36.0
@mbuhari,36.0
rona,36.0
unprecedented,36.0
@_nomics:,36.0
21,36.0
revelation,36.0
xenophobia,36.0
aware,36.0
gas,36.0
listening,36.0
anti,36.0
tn_toge,36.0
worke,36.0
presenting,36.0
corona-like,36.0
block,36.0
31,36.0
restaurants,36.0
oth,36.0
levels,36.0
iwashedmyhands,36.0
institution,36.0
military,36.0
@drdenagrayson:,36.0
began,36.0
sell,36.0
granted,36.0
active,35.0
version,35.0
sit,35.0
hrs,35.0
plz,35.0
base,35.0
co/jqagqvves1,35.0
@andrewpollackfl:,35.0
tangled,35.0
personally,35.0
bbcqt,35.0
secto,35.0
@ajemaineclement:,35.0
era,35.0
british,35.0
outta,35.0
:(,35.0
coron,35.0
useful,35.0
anime,35.0
awesome,35.0
gates,35.0
commercial,35.0
demonizing,35.0
grandparents,35.0
abt,35.0
stock,35.0
i'd,35.0
grateful,35.0
missed,35.0
@timmurtaugh:,35.0
celebs,35.0
@jackie__29:,35.0
informal,35.0
pathetic,35.0
present,35.0
warehouse,35.0
balcony,35.0
recently,35.0
pts,35.0
hudgens,35.0
welcome,35.0
wired,35.0
messing,35.0
bastard,35.0
stayhome,35.0
"me",35.0
coronavi,35.0
senate,34.0
bat,34.0
"people's",34.0
organizing,34.0
sometimes,34.0
@grantstern:,34.0
village,34.0
ni,34.0
michael,34.0
"other",34.0
pronounce,34.0
anybody,34.0
pan,34.0
flying,34.0
@pushacee:,34.0
towards,34.0
co/cns0qqgnok,34.0
fo,34.0
finna,34.0
natasha,34.0
dm,34.0
screwed,34.0
vacation,34.0
greek,34.0
trending,34.0
movement,34.0
pain,34.0
resident,34.0
warning,34.0
unity,34.0
"coffee",34.0
managed,34.0
sweet,34.0
major,34.0
parting,34.0
delivery,34.0
rss,34.0
reduce,34.0
shelves,34.0
democratic,34.0
closures,34.0
@marco_acortes:,34.0
drugs,34.0
"coronavirus",34.0
alright,34.0
claims,34.0
content,34.0
energy,34.0
romanoff,34.0
co/6tfmgwqs2f,34.0
access,34.0
fund,34.0
@kandi,34.0
britains,34.0
nick,34.0
@nightlypolitics:,34.0
we've,34.0
sayhername,34.0
@goshromanoff:,34.0
mention,34.0
design,34.0
handled,34.0
reaction,34.0
hasn't,34.0
ha,34.0
documented,34.0
coke,34.0
burruss-tucker,34.0
shaking,33.0
mem,33.0
posted,33.0
raise,33.0
door,33.0
bae,33.0
"spring-breakers:",33.0
@fernandoamandi:,33.0
@itspinsmybrain:,33.0
border,33.0
simon,33.0
streaming,33.0
spot,33.0
duty,33.0
respiratory,33.0
worked,33.0
met,33.0
pune,33.0
podcast,33.0
followers,33.0
easily,33.0
services,33.0
watched,33.0
@simon_nixon:,33.0
@public_citizen:,33.0
ruin,33.0
card,33.0
discipline,33.0
@borisjohnson,33.0
togetherwecan,33.0
@bertkreischer:,33.0
amidst,33.0
"pandemic",33.0
campaign,33.0
@thelindsayellis:,33.0
spent,33.0
reporting,33.0
indeed,33.0
forever,33.0
peshawar,33.0
stories,33.0
title,33.0
according,33.0
sexy,33.0
supporting,33.0
serve,33.0
cry,33.0
muslim,33.0
christ,33.0
@cbsnews,33.0
primary,33.0
est,33.0
planet,33.0
cars,33.0
blue,33.0
racial,33.0
grocery,33.0
@brent_rooker19:,33.0
propaganda,33.0
abil,33.0
2019,33.0
clap,33.0
suck,33.0
calming,33.0
who's,33.0
fauci,33.0
morons,33.0
americans:,33.0
@sureshnakhua:,32.0
lucky,32.0
"curve",32.0
acts,32.0
virus-,32.0
concerns,32.0
signed,32.0
reject,32.0
kept,32.0
spreads,32.0
leaving,32.0
@era_marku:,32.0
co/rst5m,32.0
draw,32.0
republican,32.0
art,32.0
cost,32.0
escape,32.0
cities,32.0
sake,32.0
abvp,32.0
infectious,32.0
han,32.0
ye,32.0
lie,32.0
prisoners,32.0
dis,32.0
proper,32.0
ah,32.0
cdc:,32.0
whenever,32.0
eye,32.0
*continue,32.0
@jacob_meyou7:,32.0
husband,32.0
evening,32.0
sanctions,32.0
pegg,32.0
@rafaelshimunov:,32.0
janata,32.0
faced,32.0
shameful,32.0
maintaining,32.0
lemme,32.0
frost,32.0
cousin,32.0
@bbcquestiontime,32.0
hygiene,32.0
@lmgriffjohnson:,32.0
bitches,32.0
donators,32.0
train,32.0
album,31.0
elsewhere,31.0
convinced,31.0
increased,31.0
socialdistanacing,31.0
un,31.0
shah,31.0
headache,31.0
abhorrent,31.0
urging,31.0
mentioned,31.0
asap,31.0
celebrations,31.0
network,31.0
app,31.0
peoples,31.0
governor,31.0
celebrate,31.0
accurate,31.0
conversation,31.0
subscribe,31.0
shift,31.0
print,31.0
@nsaina:,31.0
logic,31.0
checking,31.0
16,31.0
aid,31.0
covid19uk,31.0
surely,31.0
lab,31.0
@theellenshow,31.0
gov,31.0
dropping,31.0
faith,31.0
co/ycrou0dzd1,31.0
feed,31.0
chaos,31.0
govts,31.0
statement,31.0
pollen,31.0
transmission,31.0
japan,31.0
@fema,31.0
badly,31.0
unreal,31.0
detention,31.0
pussy,31.0
asuu,31.0
divisive,31.0
civilization,31.0
peak,31.0
moved,31.0
lil,31.0
advertisers,31.0
commentator,31.0
soaps,31.0
ffs,31.0
twice,30.0
assisting,30.0
abortion,30.0
aren't,30.0
essential,30.0
blues,30.0
crude,30.0
throat,30.0
ignore,30.0
crush,30.0
quiet,30.0
kim,30.0
highest,30.0
brilliant,30.0
offices,30.0
sites,30.0
married,30.0
offer,30.0
midst,30.0
del,30.0
bodies,30.0
joe,30.0
lazy,30.0
spending,30.0
@profwolff:,30.0
photos,30.0
nature,30.0
melania,30.0
incredible,30.0
https:,30.0
ft,30.0
imposed,30.0
japanese,30.0
balochistan,30.0
kick,30.0
@therightmelissa:,30.0
ms,30.0
commuting,30.0
scale,30.0
targeted,30.0
trump/,30.0
co/cjuqqu1vnq,30.0
four,30.0
build,30.0
dream,30.0
ongoing,30.0
showed,30.0
treated,30.0
pregnant,30.0
@alayonimiii:,30.0
(corona),30.0
@oluniyigates:,30.0
afternoon,30.0
finding,30.0
dry,30.0
environment,30.0
praying,30.0
lipid,30.0
deserve,30.0
greatest,30.0
mouth,30.0
african,30.0
@proviewsusa:,30.0
treating,30.0
@dragonflyjonez:,30.0
western,30.0
whistles,30.0
wipe,30.0
allergies,30.0
typewriter,30.0
@nbcnews,30.0
correct,30.0
delay,30.0
radical,29.0
fears,29.0
rough,29.0
november,29.0
rev,29.0
nope,29.0
@donttrythis:,29.0
earn,29.0
virtual,29.0
1000,29.0
@chelle2x:,29.0
@oann,29.0
"cause",29.0
june,29.0
oil,29.0
incoming,29.0
authorities,29.0
@kokomothegreat:,29.0
@azmishabana:,29.0
brady,29.0
fixed,29.0
forgot,29.0
shutdown,29.0
genius,29.0
nd,29.0
bottle,29.0
pre-corona,29.0
@gatewaypundit:,29.0
@hughriminton:,29.0
above,29.0
map,29.0
speed,29.0
harder,29.0
@zofeenmaqsood:,29.0
critical,29.0
bender,29.0
mexican,29.0
co/ixbmhvcfoy,29.0
bomboclaat,29.0
groups,29.0
petty,29.0
@omundson:,29.0
@miracleshadrack:,29.0
2:2,29.0
instructions,29.0
remix,29.0
pull,29.0
@angryblkhoemo:,29.0
cheesy,29.0
rhetoric,29.0
amit,29.0
bag,29.0
wallet,29.0
enjin,29.0
intensive,29.0
lmaooo,29.0
thyatir,29.0
shots,29.0
reach,29.0
holiday,29.0
nationwide,29.0
covid2019india,29.0
ships,29.0
kenya,29.0
suddenly,29.0
earlier,29.0
tbh,29.0
changing,29.0
co/ztois,29.0
mossad,28.0
becoming,28.0
uncle,28.0
remove,28.0
tweeted,28.0
impeccable,28.0
insane,28.0
@jgreenblattadl:,28.0
@steveguest:,28.0
wanting,28.0
semester,28.0
shake,28.0
@lowkeyheighkey:,28.0
topics,28.0
owner,28.0
doc,28.0
@david_j_roth:,28.0
smoke,28.0
here:,28.0
blind,28.0
fair,28.0
temp,28.0
chronology,28.0
@cristinalail,28.0
publicly,28.0
french,28.0
@elijahschaffer:,28.0
preparation,28.0
squint,28.0
gross,28.0
cash,28.0
co/ejlouyyx1h,28.0
suffer,28.0
ca,28.0
deliberately,28.0
hundreds,28.0
citizen,28.0
coronavirusindia,28.0
wit,28.0
pande,28.0
deliberate,28.0
personal,28.0
cameramans,28.0
"rt",28.0
usually,28.0
netflix,28.0
temporarily,28.0
knowledge,28.0
banks,28.0
cli,28.0
@volariume:,28.0
twitter:,28.0
"token",28.0
filling,28.0
mood,28.0
hiding,28.0
"curfew",28.0
@bbhuttozardari,28.0
properly,28.0
@rapup,28.0
sa,28.0
apocalypse,28.0
similar,28.0
starts,28.0
carefully,27.0
eaten,27.0
doomed,27.0
17,27.0
j,27.0
cup,27.0
dallas,27.0
rs,27.0
lift,27.0
customers,27.0
@piersmorgan,27.0
@letsweeb:,27.0
everythings,27.0
@urfavissafe:,27.0
--,27.0
progress,27.0
@obadimz:,27.0
books,27.0
mainstream,27.0
garbage,27.0
freedom,27.0
donate,27.0
nearly,27.0
saved,27.0
@royalkenyah:,27.0
@saketgokhale:,27.0
disturbing,27.0
charts,27.0
vitamin,27.0
park,27.0
returned,27.0
nor,27.0
turmoil,27.0
weebs,27.0
established,27.0
toll,27.0
premier,27.0
wind,27.0
minute,27.0
giveaway,27.0
terrible,27.0
purpose,27.0
despicable,27.0
fan,27.0
politicians,27.0
testicles,27.0
pictures,27.0
movies,27.0
@drnealhouston:,27.0
"2020",27.0
imposing,27.0
cock,27.0
contracted,27.0
ut,27.0
window,27.0
advantage,27.0
co/1s4n,27.0
inner,27.0
cute,27.0
entitled,27.0
pos,27.0
passing,27.0
teams,27.0
doi,27.0
@roxburghxo:,27.0
@amjsutherland:,27.0
amen,27.0
voting,27.0
coincidence,27.0
burr,27.0
biden,27.0
boredom,27.0
refer,27.0
hoe,27.0
panels,27.0
secret,27.0
filled,27.0
'if,27.0
@martynmcl:,27.0
"break",27.0
israelis,27.0
@cryptotipsfr:,27.0
sweden,27.0
won,27.0
packed,27.0
accept,27.0
became,27.0
shortness,26.0
teen,26.0
directly,26.0
function,26.0
prisons,26.0
@bahayogi:,26.0
avoiding,26.0
immigration,26.0
several,26.0
prepper,26.0
uni,26.0
theyll,26.0
@dilleyshow,26.0
terms,26.0
hahahha,26.0
@acosta,26.0
diagnosed,26.0
self-assembled,26.0
musicians,26.0
underestimate,26.0
camera,26.0
tom,26.0
communist,26.0
pill,26.0
omfg,26.0
em,26.0
snowflake,26.0
below,26.0
russian,26.0
sold,26.0
judged,26.0
ga,26.0
limited,26.0
trumppandemic,26.0
@juddapatow:,26.0
efforts,26.0
fb,26.0
bay,26.0
taskforce,26.0
hy,26.0
fix,26.0
makeup,26.0
bilayer,26.0
marry,26.0
shopping,26.0
ab,26.0
scam,26.0
corona's,26.0
father,26.0
compa,26.0
buried,26.0
status,26.0
story:,26.0
alert,26.0
policy,26.0
dark,26.0
asses,26.0
reception,26.0
functions,26.0
rep,26.0
anyways,26.0
stealing,26.0
outbreaks,26.0
cleaned,26.0
collapse,26.0
outsourced,26.0
seconds,26.0
hits,26.0
88%,26.0
careful,26.0
ads,26.0
heat,26.0
fucken,26.0
daughter,26.0
@innomatijane:,26.0
nanoparticle,26.0
excited,26.0
@cameron_foreman:,26.0
cleaning,26.0
tl,26.0
@joyce_karam:,25.0
"me:",25.0
covid19on,25.0
mix,25.0
feminist,25.0
ji's,25.0
co/mdewoc8qpu,25.0
actions,25.0
dumbass,25.0
hahaha,25.0
china's,25.0
responded,25.0
"allah",25.0
theory,25.0
mocking,25.0
chicken,25.0
gotten,25.0
donation,25.0
sniping,25.0
@baldingsworld:,25.0
criminals,25.0
gathering,25.0
smoking,25.0
@joshuapotash:,25.0
ayifuni,25.0
(to,25.0
matters,25.0
81,25.0
saving,25.0
@larryschweikart:,25.0
@pittman_george:,25.0
@jibomi:,25.0
parties,25.0
raising,25.0
field,25.0
corner,25.0
co/owo4y2faz4,25.0
100k,25.0
goal,25.0
dera,25.0
concert,25.0
new:,25.0
(and,25.0
@wwwojtekk:,25.0
enter,25.0
gazi,25.0
fellows,25.0
officials,25.0
@rizwanahmed:,25.0
@avocadovsz:,25.0
transfer,25.0
@bdutt:,25.0
winning,25.0
host,25.0
perhaps,25.0
spouse,25.0
co/axxrkt3qpi,25.0
unites,25.0
guide,25.0
@rak_strong:,25.0
activities,25.0
actively,25.0
"am",25.0
2nd,25.0
classes,25.0
ending,25.0
infections,25.0
disney,25.0
invented,25.0
jnu,25.0
conclusion,25.0
@joshua1eo:,25.0
swine,25.0
mins,25.0
false,25.0
co/8lmxdypcnp,25.0
provinces,25.0
clip,25.0
mountain,25.0
added,25.0
moron,25.0
whilst,25.0
@shoe0nhead:,25.0
johnson's,25.0
misleading,25.0
prey,25.0
pi,25.0
played,25.0
tiny,25.0
@ed_solomon:,25.0
administration,25.0
congress,25.0
smart,25.0
download,25.0
seem,25.0
@orchardcitygal:,25.0
coffee,25.0
maga,25.0
msm,25.0
lit,25.0
driving,24.0
somehow,24.0
@2larryjohnson7,24.0
co/llzcbrmwrz,24.0
@bbclaurak:,24.0
warned,24.0
stressed,24.0
management,24.0
daniel,24.0
entering,24.0
led,24.0
journalists,24.0
click,24.0
pandemics,24.0
contain,24.0
profit,24.0
affecting,24.0
supporters,24.0
11,24.0
bye,24.0
risking,24.0
rising,24.0
tawainese,24.0
balc,24.0
fitness,24.0
nose,24.0
rumours,24.0
gcses,24.0
mercy,24.0
shower,24.0
5g,24.0
reporters,24.0
coughed,24.0
brexit,24.0
loves,24.0
finland,24.0
@inevitable_et,24.0
@adamschefter,24.0
constantly,24.0
@mikayesfiona:,24.0
fakenews,24.0
phrase,24.0
manner,24.0
court,24.0
mens,24.0
@l_tido:,24.0
homeless,24.0
gatherings,24.0
bull,24.0
bushcraft,24.0
damned,24.0
gaga,24.0
bio,24.0
@siralexas:,24.0
diplomatic,24.0
recover,24.0
meant,24.0
cares,24.0
tightness,24.0
celebrating,24.0
@jazayerli:,24.0
crime,24.0
destroy,24.0
station,24.0
widespread,24.0
103,24.0
visiting,24.0
floor,24.0
referring,24.0
colleagues/friends,24.0
fit,24.0
blocking,24.0
angry,24.0
match,24.0
lung,24.0
@olwee:,24.0
"crisis",24.0
training,24.0
escaped,24.0
practicing,24.0
"closed",24.0
@egyptian_celeb:,24.0
weapon,24.0
decision,24.0
received,24.0
ohh,24.0
paedophiles,24.0
hiv,24.0
weirdo,24.0
flowers,24.0
imag,24.0
buhari,24.0
regularly,24.0
lemons,24.0
lesson,24.0
ht,24.0
river,24.0
ball,24.0
traced,24.0
indonesia,24.0
tracking,24.0
cus,24.0
ibadan,24.0
chinaliedpeopledied,24.0
lmfao,24.0
willing,24.0
language,24.0
flights,24.0
television,23.0
churches,23.0
english,23.0
count,23.0
defen,23.0
india's,23.0
combat,23.0
poverty,23.0
2),23.0
senior,23.0
core,23.0
repugnant,23.0
exotic,23.0
35,23.0
$,23.0
@kt_so_it_goes:,23.0
biological,23.0
monstrous,23.0
curb,23.0
unemployment,23.0
curve,23.0
epic,23.0
*corona,23.0
cam,23.0
en,23.0
fam,23.0
shops,23.0
fail,23.0
co/vcfiqk09de,23.0
positively,23.0
existence,23.0
wall,23.0
restrictions,23.0
jumped,23.0
privacy,23.0
realized,23.0
rela,23.0
wide,23.0
nehru's,23.0
hide,23.0
25,23.0
@politikurd:,23.0
ace,23.0
introspectively,23.0
co/2ioyq1ntg7,23.0
attacked,23.0
le,23.0
gros,23.0
24,23.0
hat,23.0
_,23.0
fools,23.0
@washingtonpost,23.0
spirits,23.0
quit,23.0
governors,23.0
icu,23.0
anxiety-,23.0
&lt,23.0
religion,23.0
struggle,23.0
@officialplt,23.0
@ashokgehlot51:,23.0
@jafta_ml:,23.0
@barakravid:,23.0
film,23.0
@ebs_the_great:,23.0
jump,23.0
ki,23.0
invitation,23.0
@conmijente:,23.0
yday,23.0
pneumonia,23.0
imma,23.0
caring,23.0
winter,23.0
48,23.0
it),23.0
european,23.0
ke,23.0
insurance,23.0
boomers,23.0
counting,23.0
spirit,23.0
command,23.0
"now*",23.0
opposite,23.0
"9pm",23.0
flattenthecurve,23.0
aggressively,23.0
box,23.0
update:,23.0
*right,23.0
traffic,23.0
telangana,23.0
supply,23.0
ko,23.0
stick,23.0
sources,23.0
cldnt,22.0
loss,22.0
confused,22.0
rick,22.0
tuesday,22.0
ap,22.0
naija,22.0
file,22.0
theyve,22.0
throughout,22.0
protest,22.0
creating,22.0
looming,22.0
standing,22.0
checks,22.0
"died",22.0
proven,22.0
regions,22.0
units,22.0
"balochistan",22.0
jam,22.0
affects,22.0
smack,22.0
discovered,22.0
op-ed,22.0
blunt,22.0
elected,22.0
vi,22.0
dat,22.0
tightne,22.0
critics,22.0
govern,22.0
co/kljnccpdvj,22.0
wisdom,22.0
(https://t,22.0
respond,22.0
45,22.0
2017,22.0
discuss,22.0
@mattstokess:,22.0
record,22.0
@_meiodrama_:,22.0
lines,22.0
rock,22.0
expectation,22.0
band,22.0
co/wdhfx3pmhf,22.0
boom,22.0
blowing,22.0
@jndkgrf:,22.0
diff,22.0
academic,22.0
taught,22.0
saints,22.0
tax,22.0
lee,22.0
communities,22.0
@reneepee12:,22.0
effectively,22.0
ups,22.0
ghanaian,22.0
clown,22.0
cures,22.0
@tamangphan:,22.0
@mashwaniazhar:,22.0
@spur_urbanist:,22.0
begin,22.0
@joekennedy:,22.0
sats,22.0
measure,22.0
ability,22.0
mkhize,22.0
brand,22.0
co/uojee3zsod,22.0
@susan_hennessey:,22.0
couldve,22.0
btw,22.0
wilderness,22.0
soldiers,22.0
camp,22.0
onlyfans,22.0
challenges,22.0
dit,22.0
pot,22.0
nahh,22.0
suffocation,22.0
channel,22.0
@bbcnews,22.0
ne,22.0
@maxgribben99:,22.0
bats,22.0
traveling,22.0
@majid_agha:,22.0
babe,22.0
replacing,22.0
offended,22.0
@realjameswoods,22.0
fingers,21.0
elon,21.0
@realkhalilu:,21.0
tn,21.0
biochemical,21.0
america's,21.0
cases',21.0
hotel,21.0
shapin,21.0
gh,21.0
updating,21.0
maniacally,21.0
meme,21.0
@sampamphilon,21.0
engaged,21.0
saint,21.0
happily,21.0
clubs,21.0
amongst,21.0
detainees,21.0
@iam_erhnehst:,21.0
deemed,21.0
carrying,21.0
prices,21.0
yrs,21.0
recording,21.0
breathe,21.0
@badastronomer:,21.0
@mog7546:,21.0
frontline,21.0
danish,21.0
glasses,21.0
firms,21.0
31st,21.0
spew,21.0
"slurs",21.0
worlds,21.0
pop,21.0
god's,21.0
@aranganathan72:,21.0
hubby,21.0
supremacist,21.0
"china",21.0
@tjeleh:,21.0
anticipate,21.0
multiple,21.0
@ayocaesar:,21.0
adults,21.0
ridiculous,21.0
drown,21.0
co/ctiegwun,21.0
ohio,21.0
kushners,21.0
broadcast:,21.0
unable,21.0
weekly,21.0
malaysian,21.0
hanks,21.0
slip,21.0
2001/2002,21.0
accounts,21.0
lovely,21.0
@triofrancos:,21.0
@fxstus1:,21.0
tries,21.0
youth,21.0
donated,21.0
strategy,21.0
screened/tested,21.0
delayed,21.0
shegged,21.0
celebrity,21.0
strange,21.0
increasing,21.0
six,21.0
cheering,21.0
considering,21.0
destroyed,21.0
indira,21.0
difficu,21.0
democracy,21.0
facilities,21.0
basis,21.0
"months",21.0
centers,21.0
breed,21.0
piers,21.0
deserves,21.0
24/7,21.0
concern,21.0
interest,21.0
@citizentvkenya,21.0
@bobbyz23:,21.0
lunch,21.0
random,21.0
cockblock,21.0
severely,21.0
cases:,21.0
toxic,21.0
supermarkets,21.0
hilarious,21.0
nightmare,21.0
useless,21.0
co/fm,21.0
@jclayfield:,21.0
loathsomely,21.0
parents-you,21.0
allows,21.0
vibes,21.0
"technique",21.0
product,21.0
awful,21.0
'plan',21.0
dancing,21.0
pure,21.0
"speech",21.0
@carolineylchen:,21.0
rambo,21.0
@livepddave1:,21.0
homies,21.0
rules,21.0
@crazzyintheusa:,21.0
stocks,21.0
rajiv,21.0
@ggreenwald:,21.0
site,21.0
immigrants,21.0
"border",21.0
co/k5uqihwjyl,21.0
ting,21.0
career,21.0
rggh,20.0
ef,20.0
resistance,20.0
offered,20.0
prog,20.0
he'll,20.0
delhi,20.0
viru,20.0
colleagues,20.0
easier,20.0
zakaat,20.0
harmful,20.0
ny,20.0
kansas,20.0
cryptonians,20.0
embarrassing,20.0
lived,20.0
entertainment,20.0
artists,20.0
platform,20.0
imam,20.0
recorded,20.0
israeli,20.0
@muhdnaufal98:,20.0
wed,20.0
educate,20.0
bigotry,20.0
hired,20.0
"-",20.0
rates,20.0
study,20.0
guidance,20.0
banging,20.0
bans,20.0
21st,20.0
"warfare",20.0
messages,20.0
khadim,20.0
chinavirus,20.0
screaming,20.0
google,20.0
"fatf",20.0
pepper,20.0
@sunrisemvmt:,20.0
@vishaldadlani:,20.0
belgian,20.0
orange,20.0
@cherokee_owl:,20.0
shows:,20.0
teach,20.0
refused,20.0
las,20.0
cuba,20.0
individuals,20.0
@thehill:,20.0
dharna,20.0
teleconference,20.0
you've,20.0
shouldn't,20.0
co/ib7gj7f353,20.0
rizvi,20.0
overseas,20.0
sudden,20.0
ratio,20.0
listened,20.0
2018,20.0
hitting,20.0
pissed,20.0
headquarters,20.0
300$,20.0
sneeze,20.0
coherent,20.0
ran,20.0
tag,20.0
"follow",20.0
sho,20.0
aha,20.0
soooo,20.0
@drjameskent3:,20.0
lessons,20.0
co/tq72k3jpsh,20.0
tattoo,20.0
containing,20.0
kwara,20.0
sab,20.0
covering,20.0
prediction:,20.0
goin,20.0
bath,20.0
sickness,20.0
zoom,20.0
doom,20.0
daddy,20.0
victim,20.0
mostly,20.0
200k,20.0
reporter,20.0
amateur,20.0
lower,20.0
solar,20.0
ru,20.0
co/jhiuxjpmrp,20.0
co/3wv6s3tw6c,20.0
repeat,20.0
vibe,20.0
@sidehole:,20.0
warning:,20.0
wuhanvirus,20.0
covid19us,20.0
oscar,20.0
houses,20.0
refusing,20.0
gcx,20.0
brazil,20.0
modiji,20.0
protecting,20.0
department,20.0
cr,19.0
co/cjmrzqmgxw,19.0
unabl,19.0
"italy",19.0
70,19.0
suggests,19.0
vital,19.0
options,19.0
everytime,19.0
swiss,19.0
causes,19.0
institute,19.0
severe,19.0
@itsbrittanydawn:,19.0
70s,19.0
learned,19.0
branding,19.0
tongue,19.0
defeated,19.0
opinion,19.0
banned,19.0
@zahidgishkori:,19.0
surprising,19.0
images,19.0
"worship",19.0
doors,19.0
vaccines,19.0
jordan,19.0
horror,19.0
christmas,19.0
ground,19.0
@simonmaginn:,19.0
@awakenedoutlaw:,19.0
pressure,19.0
co/zsg2ktgvuh,19.0
gurley,19.0
60%-70%,19.0
deaths:,19.0
@michaelirvin88:,19.0
urge,19.0
utterly,19.0
hydroxychloroquine,19.0
bathroom,19.0
"jesus",19.0
"accra",19.0
~,19.0
likes,19.0
vid,19.0
helpdesk,19.0
interested,19.0
infecting,19.0
@realdonaldtrump's,19.0
lifetime,19.0
post's,19.0
powerful,19.0
depression,19.0
chick,19.0
@carlmelin:,19.0
50%,19.0
"3%",19.0
buzdar,19.0
virus),19.0
assume,19.0
outrage,19.0
sneezing,19.0
double,19.0
@normanbrennan:,19.0
cucumber,19.0
@alyssa_milano,19.0
announces,19.0
"free",19.0
coronavirusupdates,19.0
growing,19.0
asthma,19.0
george,19.0
observation,19.0
@suziebfitness:,19.0
chances,19.0
@garygrumbach:,19.0
falling,19.0
figga,19.0
comments,19.0
bespoke,19.0
exact,19.0
cheeks,19.0
secof,19.0
behaviour,19.0
herself,19.0
privatized,19.0
mcdonalds,19.0
brings,19.0
bashir,19.0
meaning,19.0
peace,19.0
lately,19.0
foreign,19.0
indonesian,19.0
@ameliahouchins:,19.0
nehru,19.0
@umarsaif:,19.0
min,19.0
@mikehudema:,19.0
@chanelrion,19.0
cheap,19.0
ba,19.0
corona':,19.0
prince,19.0
appre,19.0
dare,19.0
previous,19.0
lingua,19.0
@bubbagump324:,19.0
employed,19.0
"ones",19.0
trouble,19.0
people's,19.0
situations,19.0
smile,19.0
yours,19.0
stfu,19.0
organization,19.0
acknowledging,18.0
initiative,18.0
savage,18.0
franca,18.0
corona-hospital,18.0
pre,18.0
"1%",18.0
reply,18.0
hotbed,18.0
arguably,18.0
@douggpound:,18.0
selfisolation,18.0
existed,18.0
briefings,18.0
"govt",18.0
informative,18.0
yew,18.0
wada,18.0
wave,18.0
helped,18.0
original,18.0
@banks,18.0
supreme,18.0
certainly,18.0
accident,18.0
remarkably,18.0
horny,18.0
fashion,18.0
abeg,18.0
"08050303343",18.0
pa,18.0
direct,18.0
wagers,18.0
gain,18.0
successfully,18.0
mayor,18.0
sanitizers,18.0
londoner,18.0
subject,18.0
beds,18.0
carona,18.0
miserable,18.0
style,18.0
forgive,18.0
ai,18.0
hoes,18.0
habits,18.0
trend,18.0
@cashapp,18.0
potentially,18.0
yea,18.0
@majorneel:,18.0
@stillgray:,18.0
co/rkn1kxlniw,18.0
extent,18.0
dire,18.0
yourselves,18.0
regardless,18.0
"5%",18.0
specifically,18.0
b4,18.0
innocent,18.0
protected,18.0
protection,18.0
medication,18.0
"outbreak:",18.0
preventing,18.0
wished,18.0
patriots,18.0
professors,18.0
upset,18.0
quarantinelife,18.0
2021,18.0
values,18.0
cards,18.0
admit,18.0
wo,18.0
carrier,18.0
hanging,18.0
pack,18.0
"bello",18.0
tad,18.0
average,18.0
dropped,18.0
opposition,18.0
draft,18.0
persian,18.0
sprea,18.0
topic,18.0
physicians,18.0
praising,18.0
racistinchief,18.0
kenyans,18.0
exist,18.0
@amoodaniel_:,18.0
@solmemes1,18.0
demand,18.0
applaud,18.0
ep,18.0
@realdreylo:,18.0
@tonyposnanski:,18.0
kuan,18.0
pastor,18.0
asf,18.0
loans,18.0
assholes,18.0
beating,18.0
targeting,18.0
crowded,18.0
@lexthegodfather:,18.0
810,18.0
apartment,18.0
@lavenderlives:,18.0
sobering,18.0
beauty,18.0
@germancoin_gcx:,18.0
@toryfibs:,18.0
inundati,18.0
developing,18.0
government's,18.0
dutch,18.0
flaming,18.0
universities,18.0
@indworldthinker:,18.0
audio,18.0
italians,18.0
isolated,18.0
ritonavir,18.0
requested,18.0
kicked,18.0
birds,18.0
co/99fwgeqjud,18.0
contagious,18.0
newly,18.0
blac,18.0
@germancoin_g,18.0
ugh,18.0
unknown,18.0
banishment,18.0
emails,18.0
lopinavir,18.0
shout,18.0
meat,18.0
closer,18.0
mama,18.0
helps,18.0
hosted,18.0
although,18.0
agents,18.0
@ashoswai:,18.0
mystery,18.0
kano,18.0
hang,18.0
dudes,18.0
microbiology,18.0
tailors,18.0
encryption,18.0
alarmist,18.0
@chroniclekano:,18.0
48hrs,17.0
growth,17.0
needy,17.0
twitch,17.0
seriousness,17.0
petition,17.0
gaza,17.0
required,17.0
cunt,17.0
lockdowns,17.0
welp,17.0
drew,17.0
pandem,17.0
karaoke:,17.0
trade,17.0
nurse,17.0
mardan,17.0
fires,17.0
van,17.0
specific,17.0
hype,17.0
muslims,17.0
steps,17.0
2016,17.0
tempted,17.0
@news24,17.0
prom,17.0
@focused4usa:,17.0
@gauravpandhi:,17.0
forces,17.0
hug,17.0
shite,17.0
airline,17.0
"vodka",17.0
@mrahmadawais:,17.0
"subs",17.0
+ve,17.0
ibuprofen,17.0
carriers,17.0
horse,17.0
posts,17.0
@thelifeofnayy:,17.0
surprise,17.0
illness,17.0
cc,17.0
heal,17.0
dae,17.0
dates,17.0
inhoffe,17.0
socially,17.0
land,17.0
co/hdd,17.0
timeline,17.0
contribute,17.0
beware,17.0
uncertainty,17.0
medley,17.0
drummed,17.0
establish,17.0
turkey,17.0
"time",17.0
guard,17.0
insanity,17.0
@girishnaught:,17.0
precious,17.0
avoided,17.0
columbian,17.0
legit,17.0
wuflu,17.0
venice,17.0
digital,17.0
explained,17.0
lake,17.0
musk,17.0
@mang0ld:,17.0
@dynogametheory:,17.0
serving,17.0
@mr_kems4:,17.0
bel,17.0
sanitize,17.0
inter,17.0
trapped,17.0
5pm,17.0
"nuts",17.0
imo,17.0
@smitaprakash:,17.0
antivirals,17.0
spoiled,17.0
region,17.0
dinner,17.0
vegas,17.0
roma,17.0
bread,17.0
remains,17.0
identify,17.0
refund,17.0
sat,17.0
(in,17.0
"re-election",17.0
therefore,17.0
@skynews,17.0
fought,17.0
@maydaymindy1:,17.0
barely,17.0
@boycottutah:,17.0
parts,17.0
remote,17.0
threatening,17.0
"pasta",17.0
messed,17.0
held,17.0
populism,17.0
@mimijanae_:,17.0
preposterous,17.0
blow,17.0
@ohsudoernbecher,17.0
"sake",17.0
@ohsunews,17.0
kona,17.0
ad,17.0
breaks,17.0
demsshould,17.0
bhi,17.0
@chelseahandler:,17.0
reasons,17.0
shoe,17.0
privileged,17.0
trippin,17.0
splash,17.0
fed,17.0
nonsense,17.0
"olives",17.0
coronaviruspandemic,17.0
deranged,17.0
arrested,17.0
universal,17.0
twins,17.0
sales,17.0
@idrisayobello:,17.0
expecting,17.0
@drjcofthedc:,17.0
kr,17.0
co/gsge5a2fsw,17.0
sta,17.0
strength,17.0
pro-lifers,17.0
identified,17.0
divide,17.0
replace,17.0
mitigate,17.0
signs,17.0
feet,17.0
"indiafightscorona",17.0
una,17.0
@malexameen:,17.0
open-sourcing,17.0
manager,17.0
strikes,17.0
otherwise,17.0
zweli,17.0
locust,17.0
directives,17.0
ceremony,17.0
"chocolate",16.0
patience,16.0
@laylaalisha11:,16.0
@krymimusic:,16.0
message:,16.0
visa,16.0
karachi,16.0
sophie,16.0
habit,16.0
series,16.0
rice,16.0
bash,16.0
ring,16.0
1975,16.0
juicy,16.0
chain,16.0
ooo,16.0
@lostmyhead_k:,16.0
ventilators,16.0
persons,16.0
luckily,16.0
cannabis,16.0
california,16.0
legendary,16.0
hurts,16.0
details,16.0
pit/open,16.0
cyaa,16.0
lo,16.0
abroad,16.0
inflammatory,16.0
considered,16.0
screw,16.0
dept,16.0
@ftfghana,16.0
heads,16.0
credit:,16.0
"wrong",16.0
liberals,16.0
colleges,16.0
worries,16.0
iranian,16.0
plain,16.0
project,16.0
determined,16.0
ordering,16.0
@allenk_81:,16.0
sm,16.0
importance,16.0
bottom,16.0
@kafixxx:,16.0
modis,16.0
fresh,16.0
stir,16.0
@nsitharaman:,16.0
decisions,16.0
mode,16.0
media:,16.0
fantastic,16.0
"like",16.0
clothes,16.0
arrived,16.0
prizadiguda,16.0
corona-chan,16.0
@ari_russian:,16.0
connected,16.0
wrt,16.0
nahi,16.0
wonderful,16.0
registered,16.0
mers,16.0
fool,16.0
"waffle",16.0
systems,16.0
corona-crisis,16.0
yup,16.0
medicaref,16.0
co/bzncsgz0gu,16.0
checked,16.0
fly,16.0
mirror,16.0
racists,16.0
publisher,16.0
di,16.0
"pastry",16.0
popular,16.0
co/fzsgblpj0y,16.0
"it",16.0
hyde,16.0
wi,16.0
stakeholders,16.0
imported,16.0
@bigtobzsf:,16.0
@sciencenews:,16.0
greetings,16.0
capitalism,16.0
gha,16.0
mistake,16.0
dumber,16.0
@1_mrwonderful:,16.0
reduced,16.0
broadcast,16.0
@sttephanie___p:,16.0
initial,16.0
itll,16.0
italys,16.0
handy,16.0
hotline,16.0
decades,16.0
ethnicity,16.0
australian,16.0
co/u7draiqhhy,16.0
drainage,16.0
cook,16.0
@abhishbanerj:,16.0
wasted,16.0
narrative,16.0
decent,16.0
shooting,16.0
co/cdfswweypr,16.0
zombies,16.0
built-in,16.0
providing,16.0
@livewithnoregrt:,16.0
cat,16.0
louisiana,16.0
origin,16.0
anytime,16.0
@alicerothchild:,16.0
kya,16.0
boyfriend,16.0
@segalink,16.0
charge,16.0
hurry,16.0
er,16.0
@omarioya:,16.0
scribble,16.0
mo,16.0
82,16.0
confusing,16.0
pro-life,16.0
battling,16.0
texting,16.0
mortality,16.0
@jackmurphylive:,16.0
chastisement,16.0
stars,16.0
@renato_mariotti:,16.0
@seattletimes,16.0
impending,16.0
@_discreteview:,16.0
priority,16.0
resign,16.0
heavily,16.0
weight,16.0
recommended,16.0
regime,16.0
"rains",16.0
asians,16.0
fg,16.0
slams,16.0
ramadan,16.0
neighborhood,16.0
context,16.0
plant,16.0
ages,16.0
moral,16.0
nursing,16.0
wilson,16.0
@srikanthbjp_:,16.0
exams,16.0
equality,16.0
severity,16.0
requesting,16.0
worker,16.0
kaufman,16.0
@benhartman:,16.0
@tedlieu,16.0
repeatedly,16.0
finished,16.0
ahhh,16.0
scientific,16.0
ayo,15.0
jumpin,15.0
suspension,15.0
raw,15.0
workout,15.0
material,15.0
@nick_colletti:,15.0
unlike,15.0
typewriters,15.0
deadass,15.0
bright,15.0
@irstenkmullen,15.0
inhuman,15.0
"iran",15.0
protects,15.0
followed,15.0
wildfire,15.0
spell,15.0
pizza,15.0
impossible,15.0
@michellemalkin:,15.0
allowing,15.0
@tinuade01:,15.0
production,15.0
myth,15.0
figured,15.0
barber,15.0
morgan,15.0
like:,15.0
germs,15.0
3rd,15.0
apple,15.0
preparing,15.0
co/tgttofbeoi,15.0
@metpoliceuk,15.0
@kiekie18x:,15.0
launched,15.0
anthem,15.0
@laurodrigi:,15.0
invites,15.0
61,15.0
priorities,15.0
inflation,15.0
finds,15.0
"@cnn",15.0
recessions,15.0
@zarrarkhuhro:,15.0
driver,15.0
upcoming,15.0
england,15.0
grandpa,15.0
proposed,15.0
ramaphosa,15.0
realise,15.0
cheer,15.0
spike,15.0
strategic,15.0
extension,15.0
patriot,15.0
ope,15.0
green,15.0
east,15.0
nail,15.0
hence,15.0
tallahassee,15.0
extras,15.0
co/yj3wkp1brb,15.0
tweet:,15.0
naive,15.0
warm,15.0
headed,15.0
kurzarbiet,15.0
yada,15.0
pool,15.0
husband's,15.0
jared,15.0
surrounding,15.0
fema,15.0
noise,15.0
easter,15.0
@rawstory:,15.0
clickbait,15.0
prediction,15.0
kiss,15.0
stones,15.0
liked,15.0
define,15.0
ferenjis,15.0
challenged,15.0
transferred,15.0
crisis:,15.0
restaurant,15.0
miller,15.0
carolina,15.0
def,15.0
kohl's,15.0
siblings,15.0
unbelievable,15.0
',15.0
@uncpressblog,15.0
bjp,15.0
yr,15.0
@tattooedfemdom:,15.0
casuall,15.0
wheres,15.0
aunt,15.0
yoruba,15.0
carats,15.0
knock,15.0
marketing,15.0
@msnbc,15.0
@blac_childd:,15.0
proximity,15.0
marriage,15.0
04,15.0
tory,15.0
catches,15.0
talked,15.0
nyc,15.0
supplying,15.0
@chant_ella:,15.0
scientist,15.0
beinfected,15.0
facility,15.0
road,15.0
aur,15.0
convid19uk,15.0
germanys,15.0
panadol,15.0
plenty,15.0
percent,15.0
girlfriend,15.0
rare,15.0
immediate,15.0
electric,15.0
@projectlincoln,15.0
joking,15.0
moms,15.0
gayteen,15.0
@kurz_gesagt:,15.0
gods,15.0
maryland,15.0
bigoted,15.0
exceptionalism,15.0
med,15.0
appreciated,15.0
@andmichaelgreen:,15.0
pro,15.0
cruise,15.0
citizen-participation,15.0
agencies,15.0
@joanna_lng:,15.0
collective,15.0
sharpies,15.0
types,15.0
partner,15.0
201,15.0
gulf,15.0
todd,15.0
ahaha,15.0
@joe_laycock:,15.0
rap,15.0
ethiopiaye,15.0
suspect,15.0
funniest,15.0
relax,15.0
347,15.0
senator,15.0
@sandydarity:,15.0
pence,15.0
transmissions,15.0
maxx,15.0
co/6omqakjncj,15.0
@davidklion:,15.0
presidency,15.0
shown,15.0
lycee,15.0
charity,15.0
@fiverights:,15.0
seven,15.0
soul,15.0
allergy,15.0
dreams,15.0
todays,15.0
shelter,15.0
gayporn,15.0
"covid-19",15.0
ideological,15.0
stations,15.0
humble,15.0
complaining,15.0
rolling,15.0
removed,15.0
@otto_english:,15.0
dislike,15.0
pushing,15.0
covered,15.0
confusion,15.0
globe,15.0
talks,15.0
midnight,15.0
coronavirusnigeria,15.0
stabiliser,15.0
supermarket,15.0
@annadalee_:,15.0
gettin,15.0
grants,15.0
suspended,15.0
"11",15.0
bones,15.0
manage,15.0
slowdown,15.0
packages,15.0
managing,15.0
coronavirusuk,15.0
puts,15.0
rams,15.0
nooo,14.0
roads,14.0
acknowledge,14.0
@iamjojo,14.0
din,14.0
appointment,14.0
trials,14.0
feb/05,14.0
modern,14.0
man's,14.0
hometown,14.0
blows,14.0
attend,14.0
thousand,14.0
@casspernyovest:,14.0
@joncstone:,14.0
richard96,14.0
"spain",14.0
preparedness,14.0
monster,14.0
hole,14.0
contr,14.0
//,14.0
coverage,14.0
@drphilgoff:,14.0
saveworkers,14.0
lonely,14.0
whom,14.0
"@mashwaniazhar",14.0
fav,14.0
:/,14.0
@paleofuture:,14.0
coronavirususa,14.0
exposing,14.0
locations,14.0
balls,14.0
co/cck12yx7t6,14.0
max,14.0
gora,14.0
gang,14.0
thr,14.0
pants,14.0
ccp,14.0
uptick,14.0
alongside,14.0
disasters,14.0
understanding,14.0
/or,14.0
linked,14.0
neoliberalism,14.0
clearwater,14.0
kindergarten,14.0
@jdubtheone:,14.0
tears,14.0
published,14.0
frigging,14.0
items,14.0
histories,14.0
rainbow,14.0
secondary,14.0
co/f5k0xgzdlh,14.0
@sharjeelusmani:,14.0
resist,14.0
naming,14.0
shitty,14.0
presentation,14.0
location,14.0
2013,14.0
blessings,14.0
nails,14.0
vow,14.0
harm,14.0
brothers,14.0
heavy,14.0
neighbors,14.0
leigh,14.0
maharashtra,14.0
storm,14.0
lyme,14.0
@taragirl69:,14.0
suspend,14.0
blog,14.0
"second",14.0
answers,14.0
fearing,14.0
lied,14.0
@ironstache:,14.0
plt,14.0
pointed,14.0
bday,14.0
recession,14.0
players,14.0
namaste,14.0
reveals,14.0
(full,14.0
@buddywinston:,14.0
christian,14.0
relationship,14.0
asia,14.0
perspective,14.0
relevant,14.0
china-soros,14.0
forcing,14.0
tackle,14.0
babes,14.0
"out",14.0
covid19india,14.0
regret,14.0
@seacoronavirus:,14.0
busted,14.0
solve,14.0
30th,14.0
routine,14.0
troops,14.0
coronaoutbreak,14.0
@elivalley:,14.0
@junemt:,14.0
colonial,14.0
explanation,14.0
grandma,14.0
porn,14.0
whites,14.0
uganda,14.0
claiming,14.0
@arden_messing:,14.0
authentic,14.0
@disposableteeth:,14.0
younger,14.0
jan/05,14.0
pasta,14.0
ghetto,14.0
ladies,14.0
sooner,14.0
evolution,14.0
@streamingmagic:,14.0
24/7:,14.0
collected,14.0
promotion,14.0
sees,14.0
2012,14.0
weapons,14.0
struggling,14.0
co/hfr4fzzpca,14.0
you'll,14.0
announcing,14.0
fearless,14.0
medium,14.0
curious,14.0
wasting,14.0
tes,14.0
quarantining,14.0
include,14.0
option,14.0
@spillseshyt:,14.0
childish,14.0
cov,14.0
@deepikabhardwaj:,14.0
alternative,14.0
@thekiranbedi:,14.0
failing,14.0
traveller,14.0
cats,14.0
plane,14.0
freestyle,14.0
sloppy,14.0
@fortbendisd,14.0
"feb",14.0
whose,14.0
regulation,14.0
yikes,14.0
rush,14.0
pm's,14.0
session,14.0
graduates,14.0
protective,14.0
ed,14.0
hostile,14.0
outcome,14.0
gig,14.0
arrest,14.0
moves,14.0
punch,14.0
309,14.0
reached,14.0
discount,14.0
drinks,14.0
@elonmusk,14.0
solutions,14.0
kashmir,14.0
wouldve,14.0
grip,14.0
ish,14.0
corona:all,14.0
livid,14.0
surpassed,14.0
@yasmeenaljarrah:,14.0
maintain,14.0
shallow,14.0
administrations,14.0
%,14.0
cow,14.0
@rev_says_desu:,14.0
disney's,14.0
robotics,14.0
appropriate,14.0
@ricodreamz:,14.0
genuinely,14.0
payments,14.0
influenza,14.0
@djbrown1k:,14.0
comfortably,14.0
announcement,14.0
outlet,14.0
@alizafarsays:,14.0
choreograp,14.0
buzdar:,14.0
bags,14.0
onl,14.0
mindset,14.0
@joebiden,14.0
strongly,14.0
"22:",14.0
concerning,14.0
jummah,14.0
slowing,14.0
'taali/thaali',14.0
lick,13.0
fucker,13.0
kinds,13.0
spray,13.0
booties,13.0
pakistani,13.0
guidelines,13.0
@ani,13.0
skin,13.0
praise,13.0
end-to-end,13.0
trumpliedpeopledied,13.0
louisiana:,13.0
berlin,13.0
director,13.0
capital:,13.0
"humanity",13.0
dashboard,13.0
rhythm,13.0
destruction,13.0
corona+,13.0
"home",13.0
housemate,13.0
flames,13.0
ngga,13.0
loads,13.0
heaven,13.0
resource,13.0
workplaces,13.0
@abumuadhtaqweem:,13.0
slowly,13.0
coping,13.0
remarkable,13.0
rain,13.0
fabulous,13.0
coal,13.0
congressman,13.0
producers,13.0
karma,13.0
theories,13.0
machinelearning,13.0
tragedy,13.0
chairman,13.0
tickets,13.0
adam,13.0
artist,13.0
focuses,13.0
estimate,13.0
projects,13.0
considers,13.0
ou,13.0
"tomato",13.0
concept,13.0
brains,13.0
politician,13.0
@_onurkoseoglu:,13.0
$1,13.0
ticket,13.0
tim,13.0
@tomwick15:,13.0
2005,13.0
highlighted,13.0
@erikbandz__:,13.0
explains,13.0
"co/q2oqadgkbc",13.0
issued,13.0
scanning,13.0
bothered,13.0
nationalism,13.0
foot,13.0
stance,13.0
covid19southafrica,13.0
"cases:",13.0
aches,13.0
choke,13.0
neice,13.0
americas,13.0
flat,13.0
"1",13.0
widely,13.0
"this:",13.0
unacceptable,13.0
inflame,13.0
obey,13.0
stupidest,13.0
aka,13.0
capacity,13.0
luscious,13.0
singapore,13.0
abi,13.0
cemetery,13.0
rallies,13.0
dms,13.0
102,13.0
clinical,13.0
thi,13.0
coronavirusinsa,13.0
admits,13.0
attempt,13.0
tellin,13.0
steal,13.0
becomes,13.0
dignity,13.0
convince,13.0
live-stream,13.0
disappointed,13.0
now:,13.0
meaningless,13.0
sec,13.0
@aliciahannah:,13.0
tolerable,13.0
presidents,13.0
flooded,13.0
camps,13.0
kicking,13.0
grade,13.0
damage,13.0
1%,13.0
kit,13.0
cruelty,13.0
institutions,13.0
reveal,13.0
@iihtishamm:,13.0
sniff,13.0
advised,13.0
push-ups,13.0
"again",13.0
exported,13.0
seasons,13.0
sadat,13.0
studies,13.0
teacher,13.0
"covid19",13.0
deficiencies:,13.0
@msworkers4:,13.0
@nolan_north:,13.0
__,13.0
@g0rrin,13.0
telephone,13.0
uses,13.0
@akil_bakhshi:,13.0
indiavscorona,13.0
mentality,13.0
sacrifice,13.0
ornamented,13.0
"fever",13.0
existing,13.0
madrid,13.0
distracted,13.0
focusing,13.0
worship,13.0
(the,13.0
systema,13.0
mandatory,13.0
co/dffhaiqvlo,13.0
ch,13.0
@vollcornhirsch:,13.0
co/wwvg6kxpjt,13.0
lassa,13.0
dems,13.0
werent,13.0
"usa",13.0
@reuters:,13.0
self-isolation,13.0
pandemic:,13.0
@splashforcebot,13.0
ridden,13.0
legal,13.0
tune,13.0
@bbclaurak,13.0
231,13.0
shark,13.0
farmer,13.0
returning,13.0
hardships,13.0
soup,13.0
urgent,13.0
nominate,13.0
encourage,13.0
revealing,13.0
cast,13.0
mygov,13.0
melted,13.0
"thoughts",13.0
shouting,13.0
richard,13.0
meds,13.0
racoon,13.0
entered,13.0
spare,13.0
theme,13.0
delete,13.0
qb,13.0
@laurenzima:,13.0
mixed,13.0
sharp,13.0
@nytimes,13.0
jo,13.0
(i,13.0
table,13.0
combined,13.0
@elklien:,13.0
they've,13.0
@ryansadams:,13.0
year-,13.0
goddamn,13.0
outstanding,13.0
acute,13.0
crack,13.0
jaws,13.0
educated,13.0
shortened,13.0
lahore,13.0
recovering,13.0
inconsiderate,13.0
costs,13.0
shock,13.0
payment,13.0
commendable,13.0
master,13.0
security,13.0
rises,13.0
scrambling,13.0
cl,13.0
@atheist_krishna:,13.0
joining,13.0
surge,13.0
target,13.0
occupied,13.0
cum,13.0
odd,13.0
pics,13.0
nudes,13.0
argued,12.0
crowds,12.0
label,12.0
@bamtheory:,12.0
drunken,12.0
leaves,12.0
curfews,12.0
chatbot,12.0
co/wvvrqrfugi,12.0
suicide,12.0
jack,12.0
abusers,12.0
@camronsanto:,12.0
apps,12.0
(or,12.0
pans,12.0
fl,12.0
waited,12.0
1959,12.0
district,12.0
world:,12.0
"video",12.0
rabid,12.0
pu,12.0
sam,12.0
player,12.0
chose,12.0
ordinary,12.0
@imtiaz_jaleel:,12.0
overwhelmed,12.0
differentiate,12.0
september,12.0
tension,12.0
lysol,12.0
success,12.0
pulled,12.0
wwg1wga,12.0
@bbc5live,12.0
eventually,12.0
burn,12.0
bashing,12.0
usa-south,12.0
negligence,12.0
donors,12.0
trump2020,12.0
sb,12.0
rip,12.0
communication,12.0
tea,12.0
curse,12.0
trial,12.0
@elbaradei:,12.0
@bppope:,12.0
arguments,12.0
life:,12.0
syria,12.0
@carrieksada:,12.0
containment,12.0
seasonal,12.0
@wireduk,12.0
graduating,12.0
@johncornyn,12.0
@ibnsauce:,12.0
"co/plfnldm2x6",12.0
mingle,12.0
possibility,12.0
broken,12.0
pie,12.0
spade,12.0
awhile,12.0
plot,12.0
bankrupt,12.0
ph,12.0
@senator_baloch:,12.0
believes,12.0
paul,12.0
statistics,12.0
@toure:,12.0
socialism,12.0
trolling,12.0
influence,12.0
@countdankulatv:,12.0
sum,12.0
utensils,12.0
713,12.0
graphic,12.0
backwards,12.0
@thicj00n:,12.0
allegedly,12.0
prior,12.0
assist,12.0
rig,12.0
@craveediamond:,12.0
complain,12.0
utter,12.0
drove,12.0
@bigsavage80:,12.0
exam,12.0
successful,12.0
@abdbozkurt:,12.0
muscle,12.0
reimagine,12.0
evangeline,12.0
28th,12.0
hmu,12.0
ignoring,12.0
lmaooooo,12.0
admitted,12.0
bhai,12.0
realizing,12.0
expert,12.0
@realdo,12.0
entry,12.0
d:,12.0
idgaf,12.0
losers,12.0
mail,12.0
nile,12.0
walked,12.0
@markszaidesq:,12.0
thus,12.0
cooking,12.0
361,12.0
alabama,12.0
pc,12.0
co/07wjqrl0uy,12.0
innovative,12.0
@oppaigoddess_:,12.0
responding,12.0
910,12.0
anti-malarial,12.0
stressful,12.0
@presstv:,12.0
tide,12.0
@lowkeykyeom:,12.0
indefinitely,12.0
looting,12.0
steams,12.0
emperor,12.0
produced,12.0
stronger,12.0
@jabinbot,12.0
va,12.0
studied,12.0
@richardmarx:,12.0
rahe,12.0
"now",12.0
rule,12.0
co/akgsfbivcd,12.0
insight,12.0
@people4bernie:,12.0
firstdayofspring,12.0
co/krnazevobp,12.0
guarantee,12.0
shirt,12.0
financially,12.0
@ajeeb_n_garib:,12.0
crib,12.0
@eugenegu,12.0
@ssurovell:,12.0
@justanavywife:,12.0
sourcing,12.0
rlly,12.0
july,12.0
talkin,12.0
everyone's,12.0
@4allsoulkind,12.0
mob,12.0
lakhs,12.0
bud,12.0
con,12.0
@xshiomi93,12.0
@deadline,12.0
truesame,12.0
enforcing,12.0
nba,12.0
annoyed,12.0
forwarding,12.0
creatives,12.0
"dashboard",12.0
assu,12.0
ehn,12.0
permanent,12.0
closes,12.0
"as",12.0
horrific,12.0
@britgrime:,12.0
beastie,12.0
prosper,12.0
@dckennard:,12.0
ensure,12.0
native,12.0
panicking,12.0
flash,12.0
jamaica,12.0
(got),12.0
boomer,12.0
bottles,12.0
abuja,12.0
undergrad,12.0
eh,12.0
board,12.0
mixing,12.0
worrying,12.0
rem,12.0
"here",12.0
@senatemajldr,12.0
9013151515,12.0
'corona,12.0
crux,12.0
co/2i9gbo3xkb,12.0
wise,12.0
@flotus,12.0
constitution,12.0
secretary,12.0
thursdaymotivation,12.0
suppose,12.0
@aahronheim:,12.0
@ricburton:,12.0
"more",12.0
develop,12.0
paise,12.0
@ketanj0:,12.0
and/or,12.0
@rackauckas60:,12.0
committee,12.0
"base",12.0
co/zz6v6lknjo,12.0
teaching,12.0
attitude,12.0
@andersfoghr:,12.0
@rishibagree:,12.0
dumbasses,12.0
hunt,12.0
co/ucrazwsa4j,12.0
lmfaooo,12.0
deaf,12.0
cleared,12.0
woulda,12.0
third,12.0
co/bvs8kvsw,12.0
crucial,12.0
(which,12.0
professor,12.0
@free11_09:,12.0
healing,12.0
normally,12.0
@spaceshipiii:,12.0
articles,12.0
327,12.0
"germany",12.0
@dcexaminer:,12.0
cap,12.0
"today",12.0
pig,12.0
suggest,12.0
blah,12.0
parody,12.0
lyrics,12.0
lifestyle,12.0
unwell,12.0
confirm,12.0
owns,12.0
shipped,12.0
@conangrayslice:,12.0
trucks,12.0
boat,11.0
@briansnewheart:,11.0
housing,11.0
com,11.0
@tomilahren:,11.0
chair,11.0
arguing,11.0
spelling,11.0
usman,11.0
chip,11.0
@matt_hudgens:,11.0
butt,11.0
naked,11.0
@stirringtrouble:,11.0
ac,11.0
shxt,11.0
$5,11.0
spit,11.0
@aishrae:,11.0
footage,11.0
modi's,11.0
solid,11.0
exceeds,11.0
involved,11.0
baba,11.0
embarrassed,11.0
begins,11.0
booked,11.0
manure,11.0
@gop,11.0
@chrissyinglis:,11.0
booty,11.0
diet,11.0
receive,11.0
it'd,11.0
networks,11.0
warming,11.0
(no,11.0
newsgang,11.0
complex,11.0
nastiest,11.0
searching,11.0
co/4bi94bwl6r,11.0
beaches/entertainment,11.0
complacent,11.0
co/uf00plb50y,11.0
b/c,11.0
co/8ox19g63e0,11.0
rooms,11.0
proms,11.0
shits,11.0
deceit,11.0
pl,11.0
@iamblobz:,11.0
preventer,11.0
groceries,11.0
beg,11.0
evacuate,11.0
@moigovgh:,11.0
susceptible,11.0
oxygen,11.0
sentence,11.0
contagion,11.0
reckless,11.0
feeding,11.0
rude,11.0
eastern,11.0
400,11.0
surrey,11.0
hoarding,11.0
killer,11.0
commanded,11.0
loving,11.0
verified,11.0
nancydrew,11.0
"both",11.0
unmasks,11.0
greedy,11.0
whitehousebriefing,11.0
masters,11.0
@condor_law:,11.0
rosary,11.0
@yemi_stone:,11.0
que,11.0
bop,11.0
report:,11.0
@sonjoe_kutuh:,11.0
imran,11.0
ugandans,11.0
eve,11.0
estimates,11.0
(on,11.0
co/rwhbh1fj2x,11.0
selfishness,11.0
@cjtruth:,11.0
featured:,11.0
handed,11.0
anti-globalist,11.0
okyou,11.0
october,11.0
opened,11.0
dedicated,11.0
gun,11.0
bett,11.0
dereliction,11.0
democrat,11.0
passenger,11.0
bouncing,11.0
@rhyan_henson:,11.0
"coronavirusupdate",11.0
classification,11.0
4th,11.0
til,11.0
full),11.0
curing,11.0
ek,11.0
vision,11.0
@richard_kadrey:,11.0
stephen,11.0
yep,11.0
fish,11.0
salunkhe,11.0
wee,11.0
bleach,11.0
@urylle,11.0
___,11.0
albert,11.0
1940s,11.0
falls,11.0
wage,11.0
stays,11.0
atleast,11.0
"happen",11.0
disinformation,11.0
thou,11.0
afte,11.0
duties,11.0
salty,11.0
@roonie_bear:,11.0
lgbt,11.0
dan,11.0
's,11.0
organizations,11.0
review,11.0
beard,11.0
welfare,11.0
intelligent,11.0
obesity,11.0
belichick,11.0
dressed,11.0
"come",11.0
"covid19tr",11.0
stat,11.0
el,11.0
narendra,11.0
mall,11.0
coworkers,11.0
@mobilepunch,11.0
wherever,11.0
beers,11.0
ta,11.0
saheb,11.0
worthy,11.0
2%,11.0
@sydusm:,11.0
frightening,11.0
@msredlippie:,11.0
impressive,11.0
@tre_oliver94:,11.0
reflex,11.0
@maziibe_:,11.0
coughs,11.0
@surgeon_general,11.0
taxes,11.0
owned,11.0
program,11.0
shell,11.0
socialdistancingpickuplines,11.0
lekki,11.0
anti-corona,11.0
@norml:,11.0
animated,11.0
controls,11.0
justin,11.0
winner,11.0
@trinareyes:,11.0
@realtuckfrumper:,11.0
joined,11.0
co/ularelcyts,11.0
@angryjoeshow:,11.0
cunts,11.0
@mo,11.0
consumers,11.0
co/dwhbfkk2wr),11.0
temporary,11.0
corruption,11.0
flex,11.0
@ohpolly,11.0
particular,11.0
botsford,11.0
nervous,11.0
formed,11.0
"careful",11.0
rajasthan),11.0
150,11.0
@robreiner:,11.0
blog:,11.0
__y,11.0
@hillaryclinton,11.0
gay,11.0
cycle,11.0
encouraging,11.0
@complexenigma_:,11.0
$bbr,11.0
combating,11.0
david,11.0
cutting,11.0
you'd,11.0
(not,11.0
division,11.0
speculation,11.0
goodbye,11.0
@ojasism:,11.0
rob,11.0
@bigjocatl:,11.0
microsoft,11.0
(view,11.0
bei,11.0
ventilator,11.0
role,11.0
@thehill,11.0
react,11.0
ranchers,11.0
@sethmacfarlane:,11.0
scaring,11.0
channels,11.0
zika,11.0
@bruno062418,11.0
load,11.0
backlog,11.0
roaming,11.0
hum,11.0
contracting,11.0
deployed,11.0
co/aefyqnbjhx,11.0
xx,11.0
disappointing,11.0
greeks,11.0
kid's,11.0
sluder,11.0
consult,11.0
stayed,11.0
fu,11.0
gentlemen,11.0
progressive,11.0
tours,11.0
fiction,11.0
65,11.0
@drharshvardhan,11.0
approves,11.0
@bruceps:,11.0
parks,11.0
coronacrisis,11.0
@amenartpop:,11.0
preventive,11.0
hmm,11.0
stuffs,11.0
ship,11.0
globally,11.0
recove,11.0
proportion,11.0
sets,11.0
meetings,11.0
vice,11.0
weds,11.0
muttered,11.0
equipment,11.0
oxford,11.0
producing,11.0
@forfreespeech1,11.0
@joeymulinaro:,11.0
@360rsd:,11.0
chan,11.0
anachronistic,11.0
84,11.0
poorly,11.0
assign,11.0
professional,11.0
adding,11.0
wfh,11.0
@fred_gen2:,11.0
nar,11.0
pots,11.0
tape,11.0
szn,11.0
@tpm:,11.0
stopthespread,11.0
wan,11.0
co/ojhnvlffkb,11.0
constables,11.0
knee,11.0
religious,11.0
@peekodesigno:,11.0
circulating,11.0
apologize,11.0
erupted,11.0
retweeting,11.0
ireland,11.0
@apple,11.0
mothers,11.0
hain,11.0
crimes,11.0
bf,11.0
